id,pp_seq
1a0n_A,PPRPLPVAPGSSKT
1a1m_C,TPYDINQML
1a1n_C,VPLRPMTY
1a1o_C,KPIVQYDNF
1a1r_C,GSVVIVGRIVLSGKPA
1a2c_I,DFEEIPEEYL
1a37_P,RSTSTPN
1a38_P,WLDLE
1a3b_I,GDFEEIPEEYL
1a3e_I,GDFEEIPEEYL
1a3r_P,VKAETRLNPDLQPTE
1a46_I,DFEEIPEEYL
1a4w_I,DFEEIPEEY
1a5g_I,DFEEIPEEYL
1a5h_C,TCGLRQY
1a61_I,DFEEIPEEYL
1a6a_C,PVSKMRMATPLLMQA
1a7c_B,TVASS
1a81_H,PDYEPIRKGQRDLYSGLN
1a9b_C,LPPLDITPY
1a9e_C,LPPLDITPY
1ab9_A,CGVPAIQPVL
1ab9_D,TPGVY
1abi_I,FPRGGGGGNGDFEEIPEEYL
1abo_C,APTMPPPLPP
1abt_B,KHWVYY
1acy_P,HIGPGRAFYT
1ad8_I,DFEEIPEEYL
1ae8_I,DFEEIPEEYL
1afe_I,DFEEIPEEYL
1afq_A,CGVPAIQPVL
1agb_C,GGRKKYKL
1agc_C,GGKKKYQL
1agd_C,GGKKKYKL
1age_C,GGKKKYRL
1agf_C,GGKKRYKL
1aht_I,DFEEIPEEYL
1ai1_P,HIGPGRAFYT
1ai8_I,DFEEIPEEYL
1aix_I,DFEEIPEEYL
1akj_C,ILKEPVHGV
1al2_0,GSSST
1ao7_C,LLFGYPVYV
1aot_P,EPQYEEIPIYL
1aou_P,EPQYEEIPIYL
1apm_I,TTYADFIASGRTGRRNAIHD
1aqc_C,GYENPTYKFF
1aqd_C,GSDWRFLRGYHQYA
1ar6_0,GSSST
1ar7_0,GSSST
1ar8_0,AAAASSST
1ar9_0,GSSST
1asj_0,GSSST
1atp_I,TTYADFIASGRTGRRNAIHD
1avf_P,AVVKVPLKKFKSIRETMKEKG
1avp_B,GVQSLKRRRCF
1aw8_A,MIRTMLQGKLHRVKVTHADLHYEG
1awf_I,DFEEIPEEYL
1awi_P,PPPPPPPPPP
1awq_B,HAGPIA
1awr_H,HAGPIA
1aws_B,HAGPIA
1awt_G,HAGPIA
1awu_B,HVGPIA
1awv_G,HVGPIA
1axc_B,RQTSMTDFYHSKRRLIFS
1ay6_I,DFEEIPEEYL
1aya_P,SVLYTAVQP
1ayb_P,GEYVNIEF
1ayc_P,GGYMDMS
1azg_A,PPRPLPVAPGSSKT
1b0g_C,ALWGFFPVL
1b0r_C,GILVFT
1b5g_I,DFEEIPEEYL
1b8h_D,KKASLFDMFDF
1b8q_B,VVKVDSV
1ba8_C,FEEIPEEY
1bb0_C,FEEIPEEY
1bbr_F,DFLAEGGGVR
1bbz_B,APSYSPPPPP
1bc5_T,NWETF
1bck_C,ALLVTTGLVLA
1bcu_I,DFEEIPEEYL
1bd2_C,LLFGYPVYV
1be9_B,KQTSV
1bhx_E,DFEEI
1bi6_L,TACSECVCPLR
1bii_P,RGPGRAFVTI
1bjr_I,VAQGGAAGLA
1bk6_C,KKKRKV
1bk6_D,AKKAA
1bmm_I,DFEEIPEEY
1bmn_I,DFEEIPEEY
1bog_C,GATPEDLNQKL
1bqh_C,RGYVYQGL
1bsx_X,HKILHRLLQDSS
1bt6_C,STVHEILSKLS
1bw8_P,FYRALM
1bx2_C,ENPVVHFFKNIVTP
1bxl_B,GQVGRQLAIIGDDINR
1bxp_B,MRYYESSLKSYPD
1bxx_P,DYQRLN
1bz9_C,FAPGVFPYM
1bzh_I,DADEL
1c1u_I,DFEEIPEEYLQ
1c1v_I,DFEEIPEEYLQ
1c1w_I,DFEEIPEEYLQ
1c4u_3,FEGIPGEY
1c4v_3,DFEEIPGEYL
1c4y_3,DFEGIPGEYL
1c5f_B,ALLVTGLVLA
1c5l_I,DFEEIPEEYL
1c5n_I,DFEEIPEEYL
1c5o_I,DFEEIPEEYLQ
1c5w_A,LKFQCGQKT
1c5x_A,LKFQCGQKT
1c5y_A,LKFQCGQKT
1c5z_A,LKFQCGQKT
1c9i_C,AVSLLDLDA
1c9l_C,DTNLIEFE
1ca0_A,CGVPAIQPVLS
1ca8_C,FEEIPEEY
1ca9_G,PFSKEEC
1cbw_A,CGVPAIQPVLS
1cdk_I,TTYADFIASGRTGRRNAIHD
1cdl_E,RRKWQKTGHAVRAIGRLSS
1cdm_B,FNARRKLKGAILTTMLAT
1ce1_P,GTSSPSAD
1ce6_C,FAPGNYPAL
1cf0_C,PPPPPPPPY
1cff_B,LRRGQILWFRGLNRIQTQIK
1cfn_C,GATPQDLNTL
1cfs_C,GLYEWGGARIT
1cft_C,LKGPL
1cg9_C,LPPLDITPY
1cho_E,CGVPAIQPVL
1cjf_C,PPPPPPPPPPPPPPP
1cjq_A,KETAAAKFERQHMDS
1cjr_A,KETAAAKFERQHMDS
1cm1_B,FNARRKLKGAILTTMLAT
1cm4_B,FNARRKLKGAILTTMLAT
1cmi_C,AEMKDTGIQVDR
1cmk_I,TTYADFIASGRTGRRNAIHD
1cmx_1_III_D,KTLTGQQRLLVLRLRGG
1cq4_1_III_B2,YRIDRVRLFVDKLDNIAQVPRVG
1cq4_2_III_B1,YRIDRVRLFVDKLDNIAQVPRVG
1cq4_2_III_B2,YRIDRVRLFVDKLDNIAQVPRVG
1cq4_2_III_B3,YRIDRVRLFVDKLDNIAQVPRVG
1cq4_2_III_B4,YRIDRVRLFVDKLDNIAQVPRVG
1cq4_2_III_B5,YRIDRVRLFVDKLDNIAQVPRVG
1cq4_2_III_B6,YRIDRVRLFVDKLDNIAQVPRVG
1cq4_3_III_B1,YRIDRVRLFVDKLDNIAQVPRVG
1cq4_3_III_B10,YRIDRVRLFVDKLDNIAQVPRVG
1cq4_3_III_B11,YRIDRVRLFVDKLDNIAQVPRVG
1cq4_3_III_B12,YRIDRVRLFVDKLDNIAQVPRVG
1cq4_3_III_B2,YRIDRVRLFVDKLDNIAQVPRVG
1cq4_3_III_B3,YRIDRVRLFVDKLDNIAQVPRVG
1cq4_3_III_B4,YRIDRVRLFVDKLDNIAQVPRVG
1cq4_3_III_B5,YRIDRVRLFVDKLDNIAQVPRVG
1cq4_3_III_B6,YRIDRVRLFVDKLDNIAQVPRVG
1cq4_3_III_B7,YRIDRVRLFVDKLDNIAQVPRVG
1cq4_3_III_B8,YRIDRVRLFVDKLDNIAQVPRVG
1cq4_3_III_B9,YRIDRVRLFVDKLDNIAQVPRVG
1cqg_B,PATLKICSWNVDG
1cqh_B,PATLKICSWNVDG
1cqt_1_III_G,ARPYQGVRVKEPVKELLRRKRG
1csy_B,TYETL
1csz_B,TYETL
1ctp_I,TTYADFIASGRTGRRNAI
1cu4_P,APKTNMKHMA
1cvu_F,TKTATINAS
1cwa_C,ALLVTGLVLA
1cwb_C,ALLVGLVLA
1cwc_C,ALLVTGVLA
1cwd_P,EGDEEVL
1cwe_B,QEEIP
1cwf_C,ALLVTVGLVLA
1cwh_C,ALLVTLVLA
1cwi_C,ALLVTVALVLA
1cwj_C,ALLVTVGLVLA
1cwk_C,ALLVVGLVLA
1cwl_C,ALLVTGVLA
1cwm_C,ALLVTGVLA
1cwo_C,LLVTTGLLLA
1cyn_C,SLLVTGLVLA
1czq_D,GACEARHREWAWLCAA
1czy_D,PQQATDD
1czz_D,PVQETLH
1d00_I,PVQET
1d0a_G,PIQEE
1d0j_G,AAQEE
1d3d_H,GDFEEIPEEYLQ
1d3p_H,GDFEEIPEEYLQ
1d3q_H,GDFEEIPEEYLQ
1d3t_H,GDFEEIPEEYLQ
1d4p_H,GDFEEIPEEYLQ
1d4t_B,KSLTIYAQVQK
1d4w_C,SLTIYAQVQK
1d5d_A,KETAAAKMERQHLDS
1d5e_A,KETAAAKLERQHLDS
1d5g_B,FADSEADENEQVSAV
1d5h_A,KETAAAKAERQHMDS
1d5m_D,RAMCSL
1d6e_D,RGMAS
1d6g_B,DYMGWMDF
1d6w_I,DFEEIPEEYL
1d7q_B,MRGSHHHHHHTDPM
1d8d_P,KKKSKTKCVIM
1d8e_P,TKCVIM
1d8t_C,SNVGSP
1d9i_I,DFEEIPEEYL
1ddh_P,RGPGRAFVTI
1ddm_B,GFSNMSFEDFP
1ddv_B,TPPSPF
1de7_A,TVELQGVVP
1dit_P,DPGGGGGNGDFEEI
1dkd_E,WMTTPWGFLHP
1dkx_B,NRLLLTG
1dkz_B,NRLLLTG
1dlh_C,PKYVKQNTLKLAT
1dlk_A,CGVPAIQPVLSGL
1dm4_C,DFLAEGGGVR
1doj_B,DFEEIPEEYLQ
1dpu_B,RIQRNKAAALLRLAAR
1ds5_E,YGFKIHPMAYQLQLQA
1dt7_X,SHLKSKKGQSTSRHKKLMFKTE
1duy_C,LFGYPVYV
1duz_C,LLFGYPVYV
1dva_X,ALCDDPRVDRWYCQFVEG
1dwb_I,DFEEIPEEYLQ
1dwc_I,DFEEIPEEYLQ
1dwd_I,DFEEIPEEYLQ
1dwe_I,DFEEIPEEYLQ
1dxp_C,GSVVIVGRIILS
1dy8_C,GSVVIVGRIILS
1dy9_C,GSVVIVGRIILS
1e27_C,LPPVVAKEI
1e28_C,TAFTIPSI
1e4w_P,SHFNEYE
1e4x_P,VVSHFND
1e54_B,DNWQNGTS
1e6i_P,AKRHRK
1e8n_I,GFGPFG
1e91_B,NIQMLLEAADYLE
1eak_P,GPAGPPGA
1eb1_A,DYEPIPEEAF
1eba_2_III_C2,TYSCHFGPLTWVCKPQ
1eba_2_III_D2,TYSCHFGPLTWVCKPQ
1ed3_C,ILFPSSERLISNR
1ee4_C,PAAKRVKLD
1ee5_B,AVKRPAATKKAGQAKKKKL
1een_B,ADYLIP
1eeo_B,LEFYMDYE
1eey_C,ILSALVGIV
1eez_C,ILSALVGIL
1efr_Q,AAALGAAAGLA
1efx_C,GAVDPLLAL
1eg4_P,NMTPYRSPPPYVP
1ej4_B,RIIYDRKFLMECRN
1ejh_E,KQYDREFLLDFQFM
1ejl_A,PKKKRKV
1ejo_P,YTTSTRGDLAHVT
1ejy_N,KRPAATKKAGQAKKKK
1ekb_A,CGKKLVT
1elr_B,MEEVD
1elw_C,GPTIEEVD
1emu_B,SEDDLLQECISSAMPK
1eoj_B,RADYEPIPEEA
1eol_B,RLDYEPIPEEAA
1epl_I,PLERL
1epm_I,TFQALRE
1er8_I,HPFHLLVY
1evh_B,FPPPP
1eyx_G,AAFRAA
1f1w_B,SYVNVQN
1f3j_P,AMKRHGLDNYRGYS
1f3r_A,WNPGDYGGIL
1f47_A,KEPDYLDIPAFLRKQAD
1f4v_D,MGDSILSQAEIDALLN
1f58_P,RIHIGPGRAFY
1f59_C,DDSKPAFSFGXXXXXXXXAFSF
1f7a_P,KARVLAEAM
1f8a_C,YSPTSPS
1f8h_B,STNPFR
1f8v_3_III_E1,SKFWEGVLRVLNQISGTLSVIP
1f8v_3_III_E2,SKFWEGVLRVLNQISGTLSVIP
1f8v_3_III_E3,SKFWEGVLRVLNQISGTLSVIP
1f8v_3_III_E4,SKFWEGVLRVLNQISGTLSVIP
1f8v_3_III_E5,SKFWEGVLRVLNQISGTLSVIP
1f8v_3_III_G1,SKFWEGVLRVLNQISGTLSVIP
1f8v_3_III_G2,SKFWEGVLRVLNQISGTLSVIP
1f8v_3_III_G3,SKFWEGVLRVLNQISGTLSVIP
1f8v_3_III_G4,SKFWEGVLRVLNQISGTLSVIP
1f8v_3_III_G5,SKFWEGVLRVLNQISGTLSVIP
1f8v_4_III_E1,SKFWEGVLRVLNQISGTLSVIP
1f8v_4_III_E10,SKFWEGVLRVLNQISGTLSVIP
1f8v_4_III_E2,SKFWEGVLRVLNQISGTLSVIP
1f8v_4_III_E23,SKFWEGVLRVLNQISGTLSVIP
1f8v_4_III_E24,SKFWEGVLRVLNQISGTLSVIP
1f8v_4_III_E6,SKFWEGVLRVLNQISGTLSVIP
1f8v_4_III_G1,SKFWEGVLRVLNQISGTLSVIP
1f8v_4_III_G10,SKFWEGVLRVLNQISGTLSVIP
1f8v_4_III_G2,SKFWEGVLRVLNQISGTLSVIP
1f8v_4_III_G23,SKFWEGVLRVLNQISGTLSVIP
1f8v_4_III_G24,SKFWEGVLRVLNQISGTLSVIP
1f8v_4_III_G6,SKFWEGVLRVLNQISGTLSVIP
1f8v_5_III_E,SKFWEGVLRVLNQISGTLSVIP
1f8v_5_III_G,SKFWEGVLRVLNQISGTLSVIP
1f90_E,KPLEEVLNL
1f95_C,MSCDKSTQT
1f96_C,MKDTGIQVDRDLDGKSHK
1fbv_B,SDGYTPEPA
1fch_C,YQSKL
1fev_A,KETAAAKFERQHLDS
1ff1_B,STNPFL
1ffn_C,KAVYNFATM
1ffo_C,AAVYNFATM
1ffp_C,SAVYNFATM
1fg2_C,KAVYNFATC
1fgl_B,VHAGPIAPGQLR
1fhr_P,EDIYYLD
1fiw_L,TTCDGPCGVRFRQN
1fiz_L,ATCDGPCGLRFRQ
1fkn_C,EVNAEF
1fll_X,KTAAPVQETLHGSQPVTQEDG
1fm6_B,HKILHRLLQE
1fm9_B,HKILHRLLQE
1fmo_I,TTYADFIASGRTGRRNAIHD
1fo0_P,INFDFNTI
1fpc_I,DFEEIPEEYL
1fph_I,GDFEEIPEEYLQ
1fpn_3_III_D1,AQVSRQNYFNINYFKDAASNGASKL
1fpn_3_III_D2,AQVSRQNYFNINYFKDAASNGASKL
1fpn_3_III_D3,AQVSRQNYFNINYFKDAASNGASKL
1fpn_3_III_D4,AQVSRQNYFNINYFKDAASNGASKL
1fpn_3_III_D5,AQVSRQNYFNINYFKDAASNGASKL
1fpn_4_III_D1,AQVSRQNYFNINYFKDAASNGASKL
1fpn_4_III_D10,AQVSRQNYFNINYFKDAASNGASKL
1fpn_4_III_D2,AQVSRQNYFNINYFKDAASNGASKL
1fpn_4_III_D23,AQVSRQNYFNINYFKDAASNGASKL
1fpn_4_III_D24,AQVSRQNYFNINYFKDAASNGASKL
1fpn_4_III_D6,AQVSRQNYFNINYFKDAASNGASKL
1fpn_5_III_D,AQVSRQNYFNINYFKDAASNGASKL
1fpn_6_III_D1,AQVSRQNYFNINYFKDAASNGASKL
1fpn_6_III_D10,AQVSRQNYFNINYFKDAASNGASKL
1fpn_6_III_D2,AQVSRQNYFNINYFKDAASNGASKL
1fpn_6_III_D26,AQVSRQNYFNINYFKDAASNGASKL
1fpn_6_III_D27,AQVSRQNYFNINYFKDAASNGASKL
1fpn_6_III_D28,AQVSRQNYFNINYFKDAASNGASKL
1fpn_6_III_D29,AQVSRQNYFNINYFKDAASNGASKL
1fpn_6_III_D3,AQVSRQNYFNINYFKDAASNGASKL
1fpn_6_III_D30,AQVSRQNYFNINYFKDAASNGASKL
1fpn_6_III_D4,AQVSRQNYFNINYFKDAASNGASKL
1fpn_6_III_D5,AQVSRQNYFNINYFKDAASNGASKL
1fpn_6_III_D6,AQVSRQNYFNINYFKDAASNGASKL
1fpn_6_III_D7,AQVSRQNYFNINYFKDAASNGASKL
1fpn_6_III_D8,AQVSRQNYFNINYFKDAASNGASKL
1fpn_6_III_D9,AQVSRQNYFNINYFKDAASNGASKL
1fpn_6_III_DX0,AQVSRQNYFNINYFKDAASNGASKL
1fpr_B,EDTLTYADLD
1fpt_P,DNPASTTNKDK
1frg_P,DVPDYASL
1fu5_B,EEEYMPMEDLYLDIL
1fv1_C,NPVVHFFKNIVTPRTPPPSQ
1fyn_B,PPAYPPPPVP
1fyt_C,PKYVKQNTLKLAT
1fzj_P,RGYVYQGL
1fzk_P,FAPGNYPAL
1fzm_P,RGYVYQGL
1fzo_P,FAPGNYPAL
1g0y_I,ETPFTWEESNAYYWQPYALPL
1g1e_A,RMNIQMLLEAADYLER
1g1f_B,ETDYYR
1g1g_B,TDYYR
1g1h_B,TDYYRKG
1g1s_C,EYLDYDFLPETEP
1g30_C,DFEEIPEEYL
1g32_C,DFEEIPEEYL
1g37_B,FEAIPAEYL
1g3f_B,AVPIAQKSE
1g5j_B,NLWAAQRYGRELRRMSDEFVDSFKK
1g5q_M,DSYTC
1g6g_E,SLEVTEAD
1g6r_P,SIYRYYGL
1g7p_P,SRDHSRTPM
1g7q_P,SAPDTRPA
1g9i_I,EPCCDSCRCTKSIPPQCHCANI
1gag_B,PATGDFMNMSPVG
1gct_A,CGVPAIQPVLS
1gct_D,XPGAY
1gd2_3_III_J,TQVVTLKELHS
1gff_3,GARLWYVGGTQY
1gg6_A,CGVPAIQPVL
1ggd_A,CGVPAIQPVL
1ggi_P,CKRIHIGPG
1gha_E,CGVPAIQPVLS
1ghb_E,CGVPAIQPVLS
1ghv_I,DFEEIPEEYLQ
1ghw_I,DFEEIPEEYLQ
1ghx_I,DFEEIPEEYLQ
1ghy_I,DFEEIPEEYLQ
1gi7_A,LKFQCGQKT
1gi8_A,LKFQCGQKT
1gi9_A,LKFQCGQKT
1gj4_I,DFEEIPEEYLQ
1gj5_I,DFEEIPEEYLQ
1gj7_A,LKFQCGQKTL
1gj8_A,PPEELKFQCGQKT
1gj9_A,LKFQCGQKTL
1gja_A,PPEELKFQCGQKT
1gjb_A,LKFQCGQK
1gjc_A,LKFQCGQKT
1gjd_A,PPEELKFQCGQKT
1gkt_B,HPFHIH
1gmc_E,CGVPAIQPVLS
1gmd_B,PGAYD
1gmd_E,CGVPAIQPVLS
1gmh_E,CGVPAIQPVL
1guw_B,ARTQTARSTGGKAPGG
1gux_E,DLYCYEQLN
1gvu_I,PFHVI
1gvx_I,PTERE
1gwq_C,KILHRLLQD
1gwr_C,NALLRYLLD
1gxc_B,HFDTYLIR
1gy3_E,HHASPRK
1gyb_E,GFSFG
1gzl_C,WEEWDREIENYT
1h15_C,GGVYHFVKKHVHES
1h24_E,PVKRRLDLE
1h25_E,PKPLKKLRFD
1h26_E,SRHKKLMFK
1h27_E,RNLFGP
1h28_E,GSAKRRLFGE
1h2k_S,LTSYDCEVNAPILLQGEELLRALD
1h2l_S,LTSYDCEVNAPILQGEELLRAL
1h3h_B,APSIDRSTKPA
1h6e_P,TTGVYVKMPP
1h6w_B,SLNYIIKVKE
1h8d_I,DFEEIPEEYL
1h8i_I,DFEEIPEEYL
1h9o_B,YVPML
1haa_B,WRYYESSLEPYPD
1hag_I,DFEEIPEEYL
1hah_I,DFEEIPEEYL
1haj_B,WRYYESSLEPYPD
1hbt_I,PGGGGDYEPIPEEA
1hc9_C,WRYYESSLLPYPD
1hcs_A,YEEIE
1hct_A,YEEIE
1hdt_P,DFEEIPEEYLQ
1hes_P,HLGTYGVFT
1hgt_I,DFEEIPEEYL
1hh6_C,DATPEDLGARL
1hh9_C,DATPEDLNAKL
1hhg_C,TLTSCNTSV
1hhh_C,FLPSDFFPSV
1hhi_C,GILGFVFTL
1hhj_C,ILKEPVHGV
1hhk_C,LLFGYPVYV
1hi6_C,DATPEWLGARL
1him_P,YDVPDYAS
1hin_P,YDVPDYAS
1hja_A,CGVPAIQPVL
1hl3_B,PIDLSKK
1hlt_R,ECPEGYILDDGFICTDI
1hoc_C,ASNENMETM
1hoy_B,HRYYESSLEPWYPD
1hqq_E,RCCHPQCGAVEEC
1hqr_C,VHFFKNIVTP
1hr8_O,SIRFFKPATRTLC
1hr9_O,LSRVAKRA
1hsa_C,ARAAAAAAA
1htm_A,TLCLG
1hv2_B,TLKERCLQVVRSLVK
1hxe_I,DFEEIPGEYL
1hxf_I,DFEEIPGEYL
1hxl_C,RCCHPQCGMAEEC
1hxy_C,PKYVKQNTLKLAT
1hxz_C,RCCHPQCGMVEEC
1hy2_E,CCHPQCGAAYSC
1i1f_C,FLKEPVHGV
1i1y_C,YLKEPVHGV
1i31_P,FYRALM
1i3z_B,SLTIYAQVQK
1i4f_C,GVYDGREHTV
1i5h_B,GSTLPIPGTPPPNYDSL
1i7r_C,FAPGFFPYL
1i7t_C,ALWGVFPVL
1i7u_C,ALWGFVPVL
1i8g_A,EQPLTPVTDL
1i8h_A,KVSVVRTPPKSPS
1i8i_C,KGNYVVTDH
1i8k_C,KKGNYVVTDH
1iak_P,STDYGILQINSRW
1idg_B,YRGWKHWVYYTCCPDTPY
1idh_B,YRGWKHWVYYTCCPDTPY
1ifh_P,DVPDYAS
1ihj_D,TEFCA
1ihs_I,FPQSHNDGDFEEIPEEYLQ
1iht_I,FPDFEPIPL
1iid_O,GLYASKLA
1ikf_C,ALLVTGLVLA
1ilp_C,MWDFDDMPPADEDYSP
1ilq_C,MWDFDDMPPADEDYSP
1im3_C,LLFGYPVYV
1im9_C,QYDDAVYKL
1inq_C,SSVVGVWYL
1io6_B,RHYRPLPPLP
1iq1_A,MLKRRNV
1iq5_B,IPRLDTLILVKAMGHRKRFGNPFR
1ir3_B,GDYMNM
1irs_B,LVIAGNPAYRS
1isq_B,KQATLFDF
1iwq_B,KKRFSFKKSFKLSGFSFK
1j19_B,RRRTGTYGVLAAWRRL
1j2x_B,SEADEMAKALEAELNDLM
1j4k_P,EDIYYLD
1j4l_P,EVELTQELP
1j4p_B,KKMTFQTPTDPLE
1j4q_B,SLEVTEADATFVQ
1j4x_D,DDETGYVATR
1j7z_A,KETAAAKFERQHMDS
1j80_A,KETAAAKFERQHMDS
1j81_A,KETAAAKFERQHMDS
1j82_A,KETAAAKFERQHMDS
1j8h_C,PKYVKQNTLKLAT
1jac_B,SGKSQTVIVGSWGAK
1jbd_B,HRYYESSLEPWYPD
1jbp_S,TTYADFIASGRTGRRASIHD
1jbu_X,EEWEVLCWTWETCER
1jcs_C,TKCVFM
1jd5_B,AIAYFIPD
1jd6_B,AVPFYLPE
1jdp_H,GCFGLKLDRIGSMSGLGC
1jf1_C,ELAGIGILTV
1jg3_C,VYPDHA
1jgd_C,RRLLRGHNQY
1jge_C,GRFAAAIAK
1jgn_B,VVKSNLNPNAKEFVPGVKYGNI
1jh4_B,VLMSKLSVNAPEFYPSGYSSSY
1jht_C,ALGIGILTV
1jk4_B,CYFQNC
1jk8_C,LVEALYLVCGERGG
1jky_B,MLARRKPVLPALTINP
1jlu_S,TTYADFIASGRTGRRASIHD
1jm4_A,SYGRKKRRQRC
1jmq_P,GTPPPPYTVG
1jmt_B,KYWDVPPPGFEHITPMQYKAMQA
1jn5_C,PGFGQG
1joj_P,MYWYPY
1jot_B,RNGKSQSIIVGPWGDR
1jp5_C,PQITLW
1jpf_C,SGVENPGGYCL
1jpg_C,FQPQNGQFI
1jpl_E,SDEDLLHI
1jpp_C,LDTPINYSLKY
1jpw_D,GANDELISFKDEGDLADVKSSLVN
1jq8_P,LAIYS
1jq9_P,FLSYK
1jrr_P,TEAAAGTGGVMTGR
1jsp_A,SHLKSKKGQSTSRHKKLMFK
1ju5_B,EPGPYAQPSVNTK
1juf_C,SSVIGVWYL
1jui_P,MYWYPYASGS
1juq_E,DDHLL
1jvq_C,SEAAAST
1jw6_B,MYWYPY
1jwg_C,DEDLLHI
1jwm_C,PKYVKQNTLKLAT
1jws_C,PKYVKQNTLKLAT
1jwu_C,PKYVKQNTLKLAT
1jxp_C,GSVVIVGRIILS
1jyc_P,RVWYPYGSYLTASGS
1jyi_P,DVFYPYPYASGS
1k21_I,DFEEIPEEYL
1k22_I,DFEEIPEEYL
1k2d_P,SRGGASQYRPSQ
1k2m_P,EDIYYLD
1k2n_P,EVELTQELP
1k3a_B,GEYVNIEF
1k3n_B,KKMTFQTPTDPLE
1k3q_B,SLEVTEADATFVQ
1k4w_B,HKILHRLLQE
1k5n_C,GRFAAAIAK
1k5r_B,GTPPPPYTVG
1k74_B,HKILHRLLQE
1k7l_B,ERHKILHRLLQEG
1k83_M,GIGCNP
1k8d_P,ILMEHIHKL
1k9q_B,GPPPY
1k9r_B,PLPPY
1ka6_B,RKSLTIYA
1ka7_B,RKSLTIYAQVQK
1kat_X,GGNECDIARMWEWECFERL
1kbg_P,RGYVYGL
1kc2_B,PQYEEIPI
1kc4_B,IPGKRTESFYECCKEPYPD
1kc5_P,HQLDPAFG
1kcr_P,HQLDPAFGANSTNPD
1kcs_P,QLDPAFG
1kg0_D,PKYVKQNTLKLAT
1kj2_P,KVITFIDL
1kj3_P,KVITFIDL
1kj4_P,VSQNYPIVQ
1kj7_P,ATIMMQRG
1kjf_P,RPGNFLQSRP
1kjg_P,AETFYVDGA
1kjh_P,IRKILFLDGI
1kjm_P,AQFSASASR
1kjv_P,NPRAMQALL
1kkq_E,NMGLEAIIRKALMGKYDQW
1kl3_E,SHPQFE
1kl5_E,SHPQF
1kl8_B,IPGKRTESFYECCKEPYPD
1klg_C,GELIGILNAAKVPAD
1klq_B,SWYSYPPPQR
1klu_C,GELIGTLNAAKVPAD
1kna_P,QTARS
1kne_P,QTARS
1ko6_1_III_B,KYGLQD
1ko6_1_III_D,KYGLQD
1kpr_P,VMAPRTVLL
1kpu_P,RGYVYQGL
1kpv_P,FAPGNYPAL
1ktl_P,VTAPRTLLL
1kts_C,DFEEIPEEYL
1ktt_C,DFEEIPEEYL
1ku8_B,NEQSGISQTVIVGPWGAK
1kuj_B,EQSGISQTVIVGPWGAK
1kup_A,MWKVGFFKRNR
1kuz_A,MWKVGFFKRNR
1kv6_C,HKILHRLLQE
1ky6_P,FSDPWGG
1ky7_P,SFFEDNFVP
1kyd_P,SDPWK
1kyf_P,SDPFK
1kyu_P,SDPFK
1kzo_C,TKCVIM
1kzp_C,KCVIM
1kzz_B,CSVPIQCTDKT
1l0a_B,SVPIQCTDKTDKQEALFK
1l2i_C,HKILHRLLQD
1l2z_B,SHRPPPPGHRV
1l3r_I,TTYADFIASGRTGRRASIHD
1l4w_B,EERGWKHWVYYTCCPDTPYLDITEE
1l5g_C,RGDFV
1l6o_D,SLKLMTTV
1l7z_B,GGKLSK
1lb5_B,QMPTEDEY
1lb6_B,KQEPQEIDF
1lcj_B,EPQYEEIPIYL
1lck_B,EGQYQPQPA
1ld9_C,YPNVNIHNF
1ldp_P,APAAAAAAM
1leg_P,EQYKFYSV
1lek_P,EQYKFYSV
1lew_B,KPDLRVVIPP
1lez_B,KKDLRISC
1lf8_E,SDEDLLHI
1lhc_I,GDFEEIP
1lhd_I,GDFEEIP
1lhe_I,GDFEEIP
1lhf_I,GDFEEIP
1lhg_I,GDFEEIP
1lj2_C,KTIRIRDPNQGGKDITEEIMSG
1ljz_B,EERGWKHWVYYTCCPDTPYLDITEE
1lk2_P,GNYSFYAL
1lk6_C,SEAAAS
1lm8_H,MLAPYIPMDDDFQLR
1lmw_A,CGQKTLRPR
1lo5_C,PKYVKQNTLKLAT
1lp9_C,ALWGFFPVL
1lph_6_III_C1,GIVEQCCTSICSLYQLENYCN
1lqb_D,EMLAPYIPMDDDFQLRSF
1lvb_C,TENLYFQSGT
1lvm_C,ENLYFQ
1lxf_I,RISADAMMQALLGARAK
1lxg_B,YRGWKHWVYYTCCPDTPY
1lxh_B,YRGWKHWVYYTCCPDTPY
1m05_E,FLRGRAYGL
1m0v_B,DEYDDPF
1m1d_B,GGAPR
1m26_B,SGISQTVIVGPWGAK
1m27_B,KSLTIYAQVQK
1m2z_B,PVSPKKKENALLRYLLDKDDT
1m45_B,QISQAIKYLQNNIKGFIIRQRVNDE
1m46_B,SVLRTITNLQKKIRKELKQRQLKQE
1m4h_C,ELDVEF
1m4p_B,PEPTAPPEE
1m4q_B,PEPTAPPEE
1m63_D,ALLVTGLVLA
1m6o_C,EEFGRAFSF
1m7e_D,NGYENPTYK
1ma3_B,RHKKLMFKT
1mdi_B,FRFRYVCEGPSHG
1mdj_B,FRFRYVCEGPSHG
1mdk_B,FRFRYVCEGPSHG
1mf4_B,VAFRS
1mf8_D,ALLVTGLVLA
1mfg_B,EYLGLDVPV
1mfl_B,LDVPV
1mhc_C,MYFINILTL
1mhe_P,VMAPRTVLL
1mi5_C,FLRGRAYGL
1mik_B,ALLVTGLVLA
1miz_A,GSHAWDTAN
1mk7_A,HMWDTANNPLYKE
1mk9_A,MWDTANNPLYKEA
1mnf_O,SWMTTPWGFLHP
1mpa_P,KDTNNNL
1mq1_C,TRTKIDWNKILS
1mt7_P,VSQNYPIV
1mt8_P,ARVLAEAM
1mt9_P,RPGNFLQSRP
1mtn_A,CGVPAIQPVLS
1mu6_C,DFEEIPEEYLQ
1mu8_C,DFEEIPEEYLQ
1mue_C,DFEEIPEEYLQ
1muj_C,PVSKMRMATPLLMQA
1mv0_A,LLPTPPLSPSRRSG
1mv9_B,KHKILHRLLQD
1mvc_B,KHKILHRLLQD
1mvu_P,VVQEALDKAREGR
1mw4_B,PQPEYVNQPD
1mwa_P,EQYKFYSV
1mwn_X,TRTKIDWNKILS
1mxe_E,IKKNFAKSKWKQAFNATAVVRHMRK
1mxl_I,RISADAMMQALLGARAK
1mzn_B,KHKILHRLLQD
1n12_B,SDVAFRGNLLD
1n1l_C,KGSVVIVGRIVLSGKPAIIPK
1n2r_C,EEFGRAFSF
1n3n_I,SALQNAASIA
1n4h_B,HKILHRLLQE
1n4m_C,DDYLWGLEAGEGISDLFD
1n4q_M,KCVIL
1n4r_M,TKCVIL
1n59_P,AVYNFATM
1n5a_C,KAVYNFATM
1n5z_P,MPPTLPHRDW
1n64_P,PGGGQIVGGVYLLPRR
1n6e_B,TQKAAAELTFF
1n7f_C,ATVRTYSC
1n7t_B,TGWETWV
1n8o_A,CGVPAIQPVLS
1nak_P,KRIHIGPGRA
1nam_P,RGYVYQGL
1nan_M,INFDFNTI
1nb3_P,EPQNCSAT
1nb5_P,EPQNCSAT
1niw_B,RKKTFKEVANAVKISASLM
1nln_B,GVQSLKRRRCF
1nlo_N,PLPPLP
1nlp_N,PLPPLP
1nlt_B,GWLYEIS
1nm6_B,DFEEIPEEYLA
1no9_I,DFEEIPEEYLQ
1nov_D,ATFWERVRSILKSGLNFAST
1npo_B,CYIQNCPLG
1npq_B,RMSADAMLRALLGSKHK
1nq7_B,HKILHRLLQE
1nrl_C,SLTERHKILHRLLQE
1nrn_R,LDPRSFLLRNPNDKYEPFW
1nro_R,LDPRPKYEPF
1nrp_R,LDPRSKYEPF
1nrq_L,DCGLRPLFEKKSLEDKTERELLE
1nrq_R,FPRSFLKYEPF
1nrr_R,KYEPF
1nrs_I,DFEEIPEEY
1ns3_C,KGSVVIVGRIILS
1nt1_H,DFEEIPEAYLA
1ntv_B,NFDNPVYRKT
1nu2_B,NFDNPVYRKT
1nu7_1_III_A,GGLRPLFEKKSLED
1nvq_B,ASVSA
1nvr_B,ASVSA
1nvs_B,ASVSA
1nx0_C,DAIDALSSDFTS
1nx0_E,AKAIA
1nx1_C,DAIDALSSDFT
1ny2_3,DFEEIPEEYL
1nzq_D,YEPIPEEQ
1o0d_D,YEPIPEEQ
1o0p_B,PSKKRKRSRWNQD
1o2g_I,DFEEIPEEYLQ
1o3p_A,LKFQCGQK
1o5a_A,LKFQCGQKT
1o5b_A,LKFQCGQK
1o5c_A,LKFQCGQKT
1o5g_I,DFEEIPEEYLQ
1o6k_C,GRPRTTSFAE
1o6l_C,GRPRTTSFAE
1o6p_D,GLFGS
1o9a_B,STTEVEDSKPKLSIHFDNEWPKED
1o9d_P,QSYTV
1o9f_P,QSYTV
1o9k_P,LDYHFGLEEGEGIRDLFD
1o9s_K,ARTQTARKY
1o9u_B,VEPQKFAEELIHRLEAVQ
1oai_B,DSGFSFGSK
1oau_2_III_B,GAVKHRPAMVYYCARMFGTTVS
1oby_P,NEFYA
1oeb_D,APSIDRSTKPPL
1oex_B,HPFAIH
1of2_C,RRKWRRWHL
1oga_C,GILGFVFTL
1ogt_C,RRKWRRWHL
1oj5_B,LPPTEQDLTKLLLE
1ok7_C,RQLVLGL
1okv_E,RRLIF
1okx_C,ATTLV
1om2_B,GPRLSRLLSYA
1om9_P,DDFGGFEAAET
1oo4_B,SVDYVPML
1opi_B,PSKKRKRSRWNQD
1oqn_C,NGYENPTYK
1oqp_B,KKRELIESKWHRLLFHDKK
1osg_G,CHWDLLVRHWVC
1osv_C,ENALLRYLLDKD
1osz_C,RGYLYQGL
1ot7_C,ENALLRYLLDKD
1ou8_2_III_D1,GAANDENY
1ou8_2_III_D2,GAANDENY
1ov3_C,QPPSNPPPRPP
1ow6_F,TRELDELMASL
1ow7_D,TRELDELMASLS
1ow8_D,LSELDRLLLELN
1ox1_B,SCTRSIPPQC
1ox9_I,AANDENYA
1oxg_B,IVNGEEAVPGSWPW
1oyt_I,FEEIP
1ozb_I,IGRNEPCPCGSGKKYKHCHGSRVA
1ozs_B,TQKIFDLRGKFKRPTLRRVR
1p13_D,CDYANFK
1p16_C,TSPSYSPTS
1p1z_P,SIINFEKL
1p22_C,YLDSGIHSGAT
1p4b_P,AHLENEVARLKK
1p4l_P,SIINFEKL
1p4u_B,DFGPLVGA
1p7q_C,ILKEPVHGV
1p7v_B,PAPFAAA
1p7w_B,PAPFASA
1p8d_C,SLTERHKILHRLLQEG
1p93_E,ALLRYLLDK
1p9u_G,VNSTLQ
1pcg_E,KCILCRLLQ
1pcx_B,LASLESQS
1pd0_B,TYNNSNPFMT
1pd1_B,QLKDLESQI
1pd7_B,VRMNIQMLLEAADYLERREREAEH
1pdq_B,LATKAARS
1peg_P,ARKSTGG
1pfb_B,LATKAARSAP
1pfg_B,PAPFAAAA
1pic_B,YVPML
1pip_B,QVVAA
1pj8_I,PAPFPA
1pjm_A,CGKRSAEGSNPPKPLKKLRG
1pjn_A,RKKRKTEEESPLKDKAKKSKG
1pmx_B,RNCFESVAALRRCMYG
1po1_0,GSSST
1po2_0,GSSST
1prl_A,AFAPPLPRR
1prm_A,AFAPPLPRR
1ptu_B,DADEYL
1pu9_B,ARKSTGGKAPRKQLA
1pua_B,QTARKSTGGKAPRKQLASK
1pwv_C,VYPYPMEPT
1pww_C,KKVYPYPMEPT
1pxd_B,QSGISQTVIVGPWGAK
1py1_E,DDISLLK
1pyw_C,FVKQNAAAL
1pz5_C,MDWNMHAA
1pzl_B,HKILHRLLQEGSPS
1q0w_A,YPEDEEELIRKAIELSLKESRNSA
1q1a_B,KGGAKRHRKI
1q1j_P,KRIHIGPGRA
1q1s_A,KKRKV
1q1t_A,KKKRKVEY
1q24_I,TTYADFIASGRTGRRNAIHD
1q2c_B,KGLGKGGA
1q2d_B,KKPLDG
1q3l_P,QTARS
1q3p_C,EAQTRL
1q4k_E,MQSTPL
1q5l_B,NRLLLTG
1q61_I,TTYADFIASGRTGRRNAIHD
1q62_I,TTYADFIASGRTGRRNAIHD
1q8t_B,TTYADFIASGRTGRRNAIHD
1q8u_B,TTYADFIASGRTGRRNAIHD
1q8w_B,TTYADFIASGRTGRRNAIHD
1q94_C,AIFQSSMTK
1qbv_E,DFEEIPEEYLQ
1qc6_C,EFPPPPT
1qd6_A,AVRGSIIANMLQE
1qew_C,FLWGPRALV
1qfn_B,GAEDAQDDLVPSIQDDGSESGACKI
1qg1_I,DDPSYVNVQNLDK
1qgr_B,RRRRIEVNVELRKAKKDDQMLKRR
1qhr_I,DFEEIPEEYL
1qj1_I,DFEEIPEEYL
1qj6_I,DFEEIPEEYL
1qj7_I,DFEEIPEEYL
1qja_Q,RLYHSLPA
1qjb_Q,ARSHSYPA
1qkz_P,ANGGASGQVK
1qlf_C,FAPSNYPAL
1qls_D,AMVSAFLKQAW
1qmz_E,HHASPRK
1qng_D,ALLVTGLVLA
1qnh_C,ALLVTGLVLA
1qnz_P,RKSIRIQRGPGRAFVTIG
1qo3_P,RGPGRAFVTI
1qqd_C,QYDDAVYKL
1qr1_C,IISAVVGIL
1qrn_C,LLFGYAVYV
1qs7_B,RRKQKTGHAVRAIGRLSS
1qsc_D,YPIQET
1qse_C,LLFGYPRYV
1qsf_C,LLFGYPVAV
1qsn_B,KSTGGKAPRKQ
1qtx_B,RRKWQKTGHAVRAIGRLSSS
1qur_I,GGGGNGDYEPIPEEAE
1qvo_C,QVPLRPMTYK
1qwe_B,APPLPPRNRPRL
1qwf_B,VSLARRPLPPLP
1qx7_3_III_F,ETWLIYKNTKL
1r17_C,GFFFSARGHRP
1r1a_4,YFNINYFKDAASSGASRLD
1r1l_C,SEAAAS
1r1r_D,QIDSEVDTDDLSNFQL
1r2b_C,GSLVATVKEAGRSIHEIPR
1r5i_C,PKYVKQNTLKLAT
1r5v_E,ADLIAYPKAATKF
1r5w_E,ADLIAYFKAATKF
1rbc_S,KETAAAKFERQHADS
1rbd_S,KETAAAKFERQHDS
1rbe_S,KETAAAKFERQHFDS
1rbf_S,KETAAAKFERQHGDS
1rbg_S,KETAAAKFERQHIDS
1rbh_S,KETAAAKFERQHLDS
1rbi_S,KETAAAKFERQHVDS
1rdq_I,TTYADFIASGRTGRRNAIHD
1rdt_B,HKILHRLLQ
1rdt_E,KQLSELL
1rf3_B,PYPIPEEGDPGPPGLSTPHQEDGK
1rgj_B,FRYYESSLEPWDD
1rgq_C,KGSVVIVGRIVLSGKPAIIPKK
1rgr_B,YKKTEV
1riw_D,DFEEIPEEYL
1rjk_C,KNHPMLMNLLK
1rjy_P,SSIEFARL
1rjz_P,SEIEFARL
1rk0_P,SSIEFARL
1rk1_P,SEIEFARL
1rk3_C,KNHPMLMNLLK
1rkg_C,NHPMLMNLLKD
1rkh_C,KNHPMLMNLLK
1rlp_R,RALPPLPRY
1rlq_R,RALPPLPRY
1rpq_W,VQCPHFCYELDYELCPDVCYV
1rqq_E,LPATGDFMNMSPVG
1rst_P,AWRHPQFGG
1rsu_P,WSHPQFEK
1rtf_A,TCGLRQYS
1rtl_C,KGSVVIVGRIVLSGKPAIIPK
1rxm_B,KTTQSTLDSFFK
1rxz_B,KSTQATLERWF
1rzx_B,VKESLV
1s5p_B,KGGAKRHR
1s5q_A,RMNIQMLLEAADYLER
1s5r_A,DFTPMDSSAVYVLSSMARQRRAS
1s6c_B,MAAGVAAWLPFARAAAIGWMP
1s7q_C,AVYNFATM
1s7r_C,KAVYNLATM
1s7s_C,ALYNFATM
1s7t_C,AVFNFATM
1s7u_C,KAVYNFATM
1s7v_C,KAVYNLATM
1s7w_C,KALYNFATM
1s7x_C,KAVFNFATM
1s8d_C,SLANTVATL
1s9v_C,LQPFPQPELPY
1s9w_C,SLLMWITQC
1s9x_C,SLLMWITQA
1s9y_C,SLLMWITQS
1sb0_B,KEKRIKELELLLMSTENELKGQQAL
1sb1_I,DFEEIPEEY
1sbw_I,SCRCTKSIPPQCHCA
1sdx_E,LEACA
1sdz_B,AVAFYIP
1se0_B,AIAYFIP
1sfi_I,GRCTKSIPPICFPD
1sha_B,YVPML
1shb_B,YLRVA
1shc_B,HIIENPQYFSDA
1sje_C,PEVIPMFSALSEGAT
1sjh_C,PEVIPMFSALSEG
1skg_B,VAFRS
1sl3_B,DFEEIPEEYLA
1sld_P,CHPQFC
1sle_M,CHPQGPPC
1slg_M,SHPQNT
1sm3_P,SAPDTRPAP
1smf_I,CTKSIPPEC
1smh_B,TTYADFIASGRTGRRNAIHD
1smr_B,HPFHYYS
1sp5_I,YDQIL
1sps_D,PQYEEIP
1sqk_B,DLPKVAENLKSQLEGFNQDKLKNAS
1srn_B,PYVPVHFDASV
1ssa_B,PYVPVHLDASV
1ssb_B,PYVPVHYDASV
1ssc_B,PYVPVHFDASV
1stc_I,TTYADFIASGRTGRRNA
1str_M,CHPQNT
1sts_M,CHPQNT
1sve_B,TTYADFIASGRTGRRNAIHD
1svg_B,TTYADFIASGRTGRRNAIHD
1svh_B,TTYADFIASGRTGRRNAIH
1svz_C,PQFSLW
1sy9_B,GGFRRIARLVGVLREWAYR
1syq_B,PLLQAAKGLAGAVSELLRSAQPASA
1sys_C,EEPTVIKKY
1syv_C,EEFGRAFSF
1szc_B,KGGAKRHR
1szd_B,KGGAKRHR
1t01_B,GRPLLQAAKGLAGAVSELLRSAQP
1t08_C,DADTLLHFATESTPD
1t0j_C,QQLEEDLKGYLDWITQ
1t0m_P,SSIEFARL
1t0n_P,SSIEFARL
1t15_B,STSPTFNK
1t1w_C,SLFNTIAVL
1t1x_C,SLYLTVATL
1t1y_C,SLYNVVATL
1t1z_C,ALYNTAAAL
1t20_C,SLYNTIATL
1t21_C,SLYNTVATL
1t22_C,SLYNTVATL
1t29_B,ISRSTSPTFNKQ
1t2v_F,GAAYDISQVFPFAK
1t34_H,CFGGRIDRIGAQSGLGCNSFR
1t37_P,LAIYS
1t3e_P,NAAKK
1t3l_B,QLEEDLRGYMSWITQGE
1t4f_P,RFMDYWEGL
1t4u_I,DFEEIPEEYLQ
1t4v_I,DFEEIPEEYLQ
1t5w_C,AAYSDQATPLLLS
1t5x_C,AAYSDQATPLLLS
1t5z_B,SEKFKLLFQSY
1t63_B,KENALLRYLLDKDD
1t65_B,HKILHRL
1t6o_B,QDSRRSADALLRLQAMAGI
1t73_B,SRFADFFR
1t74_B,SRWQALFD
1t76_B,SRWAEVWDD
1t79_B,SKFAALWD
1t7f_B,GLLWDLLT
1t7m_B,SNTPRFKEYFMQ
1t7r_B,SSRFESLFAG
1ta2_B,DFEEIPEAYLA
1ta6_B,DFEEIPEAYLA
1tbz_I,DFEEIPEEYL
1tbz_L,CGLRPLFEKKSLEDKTERELLESYI
1tce_B,GHDGLYQGLSTATK
1tdv_B,YWAAAA
1tet_P,VPGSQHIDSQKK
1tfc_C,HKILHRLLQEG
1tg4_I,FLAYK
1thr_I,SDFEEFSLDDIEQ
1ths_I,YEPIPEEAE
1tjg_P,ELDKWAS
1tjh_P,LLELDKWASLW
1tji_P,EQELLELDKWASLW
1tjk_I,FLSTK
1tk2_B,VLFPVLFP
1tmb_I,DFEEIPEEYL
1tmc_C,EVAPPEYHRK
1tmt_J,DFEEIPEEYLQ
1tmu_J,DFEEIPEEYLQ
1tn6_C,DDPTASACNIQ
1tn7_C,TKCVIF
1tn8_C,GCVLS
1tnb_M,KCVIF
1tno_M,TKCVIM
1tnu_M,NCCKVL
1tny_M,FCAIL
1tnz_M,RCVLL
1tom_I,DFEEIPEEYL
1toq_B,SGKSQTVIVGPWGAK
1tp3_B,KKETPV
1tp5_B,KKETWV
1tp8_B,SGKSQTVIVGPWGAKV
1tps_B,LTRELV
1tqe_2_III_J,SPKGTGASTEVKQKLQEFLLSKS
1tsq_P,RQVNFLGKIN
1tsu_P,RQANFLGK
1tt5_E,MIKLFSLKQQKKE
1ttw_1_III_B1,VSTQAITSDERRFAYAVLEH
1ttw_1_III_B2,VSTQAITSDERRFAYAVLEH
1tvb_C,ITDQVPFSV
1tvh_C,IMDQVPFSV
1twb_C,ACNDENYA
1twx_C,DFEEIPGEYL
1tzg_P,GWNWFDITNWGK
1tzs_P,GSLHRVPLR
1u00_P,ELPPVKIHC
1u3h_P,SRGGASQYRPSQ
1u3r_C,KLVQLLTTT
1u3s_C,KLVQLLTTT
1u6h_B,SRKLLSAAKILADATAKMVEAAKG
1u76_B,ANRQVSITGFFQ
1u7b_B,TQGRLDDFFKVTG
1u8h_C,ALDKWAS
1u8i_C,ELDKWAN
1u8j_C,ELDKWAG
1u8k_C,LELDKWASL
1u8l_C,DLDRWAS
1u8m_C,ELDKYAS
1u8n_C,ELDKFAS
1u8o_C,ELDKHAS
1u8p_C,ECDKWCS
1u8q_C,ELEKWAS
1u8t_E,SILSQAEIDALLN
1u91_C,ENDKWAS
1u92_C,EADKWQS
1u93_C,EQDKWAS
1u95_C,ELDHWAS
1u9e_C,KLVQLLTTT
1u9l_2_III_C,NRPILSL
1ucy_F,DFLAEGGGVPR
1uef_C,TWIENKLYGM
1uf2_2_III_P,SEPFSDKERSEL
1ugw_B,QSGISQTVIVGPWGAK
1ugx_B,SGISQTVIVGPWGAK
1ugy_B,QSGISQTVIVGPWGAK
1uh0_B,SGKSQTVIVGPWGAK
1uh1_B,SGKSQTVIVGPWGAK
1uhb_P,GKDSCQGDS
1uhd_B,MTFEMLYSKIHRATITDANLNYIG
1uhe_B,MTFEMLYSKIHRATITDANLNYIG
1uhl_C,HKILHRLLQ
1ujj_C,DDISLLK
1ujk_C,DDISLLK
1uk4_G,NSTLQ
1ukh_B,PKRPTTLNLF
1uki_B,PKRPTTLNLF
1um2_C,YVGSGER
1uma_I,DFEEIPEEYL
1umw_E,PMQSTPL
1urc_E,RKLFG
1utc_P,TLPWDLW
1uti_D,GQPPLVPPRKEKMRGK
1uvq_C,MNLPSTKVSWAAVGGGGSLV
1uvt_L,CGLRPLFEKKQVQDQTEKELFESYI
1uvu_L,CGLRPLFEKKQVQDQTEKELFESY
1uwx_P,HFVQQTPKSQPTL
1uxs_C,RRRWRRLTV
1uxw_C,RRRWRRLTV
1v1t_S,NEYKV
1v9u_3_III_D1,AQVSRQNYFNINYFKDAASNGASKL
1v9u_3_III_D2,AQVSRQNYFNINYFKDAASNGASKL
1v9u_3_III_D3,AQVSRQNYFNINYFKDAASNGASKL
1v9u_3_III_D4,AQVSRQNYFNINYFKDAASNGASKL
1v9u_3_III_D5,AQVSRQNYFNINYFKDAASNGASKL
1v9u_5_III_D,AQVSRQNYFNINYFKDAASNGASKL
1vac_P,SIINFEKL
1vad_P,SRDHSRTPM
1vbd_0,GSSST
1vc3_A,MKRVMFHAKIHRATVTQADLHYVG
1veb_B,TTYADFIASGRTGRRNAIHD
1vf5_G,LVLGLVFATLGGLFYAAYQQYKR
1vgc_A,CGVPAIQPVL
1vgk_C,SYVNTNMGL
1vit_I,HNDGDFEEIPEEYLQ
1vj6_B,YLVTSV
1vpp_X,RGWVEICAADDYGRCLTEAQ
1vr1_I,DFEEIPEEYL
1vrk_B,RRKQKTGHAVRAIGRLSSS
1vwa_M,SHPQNT
1vwb_P,CHPQFC
1vwc_P,CHPQFC
1vwd_P,CHPQFC
1vwe_P,CHPQFC
1vwf_P,CHPQGPPC
1vwg_P,CHPQGPPC
1vwh_P,CHPQGPPC
1vwi_M,HPQGPPCK
1vwj_M,HPQGPPCK
1vwk_M,HPQGPPCK
1vwl_M,HPQGPPCK
1vwm_P,CHPQFC
1vwn_P,CHPQFC
1vwo_P,CHPQGPPC
1vwp_P,CHPQGPPC
1vwq_P,HPQGPPCK
1vwr_P,HPQGPPCK
1vyj_B,SAVLQKKITDYFHPKK
1vyt_E,QKLREKQQLEEDLKGYLDWITQAED
1vzj_I,LLTPPPPPLFPPPFF
1vzq_I,DFEEIPE
1w0v_C,RRLPIFSRL
1w0w_C,RRLPIFSRL
1w3c_C,GSVVIVGRIILSG
1w70_C,KPQPAVPPRPSAD
1w72_C,EADPTGHSY
1w7g_I,DFEEIPEYL
1w80_P,PKGWVTFE
1w9o_T,NEYYV
1wa7_B,WDPGMPTPPLPPRPANLGERQA
1way_I,DFEEIPEEYL
1wbg_I,DFEEIPEEYL
1wbp_B,RERSPTR
1wbx_C,SQLKNNAKEI
1wby_C,SSLENFRAYV
1wbz_P,SSYRRPVGI
1wkw_B,PGGTRIIYDRKFLMECRNSP
1wlp_A,GPLGSKQPPSNPPPRPPAEARKKPS
1wm0_Y,KHKILHRLLQ
1wrz_B,RRRWKLSFSIVSLCNHLTR
1ws4_B,QSGISQTVIVGPWGAK
1ws5_B,QSGISQTVIVGPWGAK
1x11_C,QNGYENPTYKFF
1x27_I,DYDYV
1x2r_B,LDEETGEFL
1x76_C,KLVQLLTTT
1x78_C,KLVQLLTTT
1x7b_C,HKLVQLLTTT
1x7e_C,HKILHRLLQDS
1x7j_C,HKLVQLLTTT
1x7q_C,KTFPPTEPK
1x7r_B,HKILHRLLQ
1x8s_B,HREMAVDCP
1x9t_B,TFNPVYPYDT
1xb1_G,AVPIA
1xb7_P,SELLKYLTT
1xcq_P,RRPQDVKFPGGGQIVGGVYLLPRR
1xdk_C,NHPMLMNLLKD
1xf5_P,PGGGQIVGGVYLLPRR
1xgy_P,TGALQE
1xh3_C,LPAVVGLSPGEQEY
1xhm_C,SIGKAFKILGYPD
1xiu_E,HKILHRLLQEGS
1xj7_B,HKKLLQLLT
1xkh_I,SRSKTT
1xls_I,AKENALLRYLLDKDDT
1xm1_H,DFEEIPEEYL
1xmn_1_III_E,EGLRPLFEKKSLED
1xn2_E,WWSEVNAEF
1xoc_B,VDSKNTSSW
1xow_B,GAFQNLFQSV
1xq7_D,ALLVTGLVLA
1xqh_B,LKSKG
1xr0_A,HSQMAVHKLAKSIPLRRQVTVS
1xr8_C,LEKARGSTY
1xr9_C,ILGPPGSVY
1xv9_E,HKILHRLLQE
1xvp_E,HKILHRLLQE
1xwj_B,KKELIESARKVSEKVSHVLAALQA
1xxp_C,ADEYL
1y19_A,SWVYSPLHYSA
1y2a_P,GKISKHWTGI
1y3a_E,SRVTWYDFLMED
1y98_B,PTRVSSPVFGAT
1ybo_C,TNEFYA
1yc5_B,KGQSTSRHKKLMF
1ycp_F,YGVRGP
1ycq_B,ETFSDLWKLLP
1ycr_B,ETFSDLWKLLPEN
1ydi_B,VGWEQLLTTIARTINEVENQILTR
1ydp_P,RIIPRHLQL
1ydr_I,TTYADFIASGRTGRRNAIHD
1yds_I,TTYADFIASGRTGRRNAIHD
1ydt_I,TTYADFIASGRTGRRNAIHD
1yf4_B,CYFQNCPRG
1yfn_E,EAQPAPHQWQKMPFWQKV
1ygr_C,REEYDV
1yjm_E,YDESTDE
1yk0_E,SCFGGRMDRIGAQSGLGCNSF
1yk1_E,GCFGRKMDRISSSSGLGCKVL
1ymm_C,ENPVVHFFKNIVTP
1ymt_B,RPTILYALLS
1yn6_C,SSLENFRAYV
1yn7_C,SSLENFAAYV
1yok_B,NALLRYLLDKD
1yow_B,AQALAALLAKA
1yp0_B,HPTILYTLLSPG
1ype_I,DFEEIPEEYL
1ypg_I,DFEEIPEEYL
1yph_A,CGVPAIQPVL
1ypj_I,DFEEIPEEYL
1ypk_I,DFEEIPEEYL
1ypl_I,DFEEIPEEYL
1ypm_I,DFEEIPEEYL
1yr5_B,RKKWKQSVRLISLCQRLSR
1yrk_B,MALYSIYQPYVFA
1yuc_C,ASRPAILYALLSSS
1yvh_B,RAVENQYSF
1yvl_C,YDKPH
1ywh_B,KSDFSKYLWSSK
1ywi_B,PPPLPP
1ywo_P,QPPVPPQRPM
1ywt_C,SHSYPA
1yy4_C,KLVQLLTTT
1yy6_B,DPGEGPST
1yye_C,HKLVQLLTTT
1yyp_B,RRLHLEPAFLPYSVKAHECC
1z3l_S,KETAAAKERQHLDS
1z3m_S,KETAAAKERQHLDS
1z3p_S,KETAAAKFERQHDS
1z71_B,DFEEIPEEYLA
1z9o_G,EDEFYDALS
1zaf_C,SGSHKLVQLLTTT
1zdt_P,ENALLRYLLDKD
1zdu_P,ENALLRYLLDK
1zea_A,VPGSQHYDS
1zfp_I,EYINQ
1zgi_B,DFEEIPEEYL
1zgl_C,VHFFKNIVTPRTPG
1zgv_B,DFEEIPEEYL
1zgy_B,PSILKKILLEEP
1zh7_C,SHPTILYTLLS
1zhb_C,KALYNYAPI
1zhk_C,LPEPLPQGQLTAY
1zhl_C,LPEPLPQGQLTAY
1zkk_E,KRHRKVLR
1zky_C,HKILHRLLQD
1zm6_P,LAIYS
1zms_B,PQQATDD
1zrb_B,DFEEIPEEYL
1zsd_C,EPLPQGQLTAY
1zt1_P,FEANGNLI
1zt7_P,SEFLLEKRI
1zub_B,EEGIWA
1zuk_C,RGPAPPPPPHR
1zuz_B,RRRWKLDFSIVSLCNHLTR
1zvs_C,TTPESANL
1zvz_B,EMVRQARILAQATSDLVNAIKA
1zw2_B,ILEAAKSIAAATSALVKAASA
1zw3_B,WSVLAGHSRTVSDSIKKLITSMR
1zy3_B,IIKNIARHLAQVGDSMDRSI
1zys_B,ASVSA
1zzd_B,NFDDDF
2a0t_B,NDPDTLEIYS
2a25_B,KPAAVVAPI
2a2x_P,YEPIPEEQ
2a3i_B,QQKSLLQQLLTE
2a3z_C,RGALLDQIRQGIQLNKT
2a40_C,SDARSDLLSAIRQGFQLRRVEE
2a4g_B,KGSVVIVGRIVLSGKPAIIPKK
2a4j_B,NWKLLAKGLLIRERLKR
2a4q_B,KGSVVIVGRIVLSGKPAIIPKK
2a4r_B,KGSVVIVGRIVLSGKPAIIPKK
2a6i_P,SIPTHTSPL
2a7u_A,MQLNSTEISELIKQRIAQFNVV
2a83_C,RRRWHRWRL
2agh_A,KEKRIKELELLLMSTENELKGQQAL
2aij_P,CTPSR
2aik_P,LCTPSRA
2ain_B,LFSTEV
2ak4_C,LPEPLPQGQLTAY
2aka_L,TRLVPR
2an6_E,LRPVAMVRPTV
2ank_P,YEPIPEEQ
2ao6_B,GNAALRYLLGA
2aof_C,RPGNLQSRP
2aoh_C,VSFNPQITA
2aoi_C,RPGNLQSRP
2aoj_C,VSFNPQITAA
2ap2_P,VVQEALDKAREG
2aph_C,AEKAA
2aq9_X,WMLDPIAGKWSR
2arq_P,TEAAAGDGGVMTGR
2arr_P,TEAAAGMGGVMTGR
2asq_B,KVDVIDLTIESSSD
2ast_D,AGSVEQTPKK
2atp_E,RKDGSSA
2auc_D,SLMRVQAHIRKRMV
2av1_C,LLFGYPVYV
2av7_C,LLFGYPVYV
2aw6_E,LVTLVFV
2ax3_B,XXWXFHXX
2axf_C,APQPAPENAY
2axg_C,APQPAPENAY
2axi_B,PFELDWEFP
2axz_E,LVTLVFV
2azm_C,ASQEY
2b05_G,RAISLP
2b0f_B,LEALFQ
2b0s_P,KRKRIHIGPGRAFYTT
2b1a_P,TRKSIHLGPGRAFYAT
2b1h_P,TKKSIKIRPRQAFYAT
2b1j_C,GDSILSQAEIDALLN
2b1n_B,KASVG
2b1v_C,KILHRLLQD
2b1z_C,KILHRLLQ
2b23_C,HKILHRLLQD
2b26_D,PTVEEVD
2b2v_D,ARTQT
2b3g_B,SPLPSQAMDDLMLSPDDIEQWFTE
2b7f_I,APQVVMHP
2b9h_C,RRNLKGLNLNLH
2b9i_C,SLQNRNTKNLSLDI
2b9j_C,KRGNIPKPLNL
2bap_1_III_D1,GVMDSLLEALQSGAAF
2bap_1_III_D2,GVMDSLLEALQSGAAF
2bba_P,NYLFSPNGPIARAW
2bbu_B,STASTVEYSTVVHSG
2bbv_3_III_C1,ASMWERVKSIIKSSLA
2bbv_3_III_C2,ASMWERVKSIIKSSLA
2bbv_3_III_C3,ASMWERVKSIIKSSLA
2bbv_3_III_C4,ASMWERVKSIIKSSLA
2bbv_3_III_C5,ASMWERVKSIIKSSLA
2bbv_3_III_E1,ASMWERVKSIIKSSLA
2bbv_3_III_E2,ASMWERVKSIIKSSLA
2bbv_3_III_E3,ASMWERVKSIIKSSLA
2bbv_3_III_E4,ASMWERVKSIIKSSLA
2bbv_3_III_E5,ASMWERVKSIIKSSLA
2bbv_3_III_G1,ASMWERVKSIIKSSLA
2bbv_3_III_G2,ASMWERVKSIIKSSLA
2bbv_3_III_G3,ASMWERVKSIIKSSLA
2bbv_3_III_G4,ASMWERVKSIIKSSLA
2bbv_3_III_G5,ASMWERVKSIIKSSLA
2bbv_5_III_C,ASMWERVKSIIKSSLA
2bbv_5_III_E,ASMWERVKSIIKSSLA
2bbv_5_III_G,ASMWERVKSIIKSSLA
2bbv_6_III_C1,ASMWERVKSIIKSSLA
2bbv_6_III_C2,ASMWERVKSIIKSSLA
2bbv_6_III_C3,ASMWERVKSIIKSSLA
2bbv_6_III_C4,ASMWERVKSIIKSSLA
2bbv_6_III_C5,ASMWERVKSIIKSSLA
2bbv_6_III_CX0,ASMWERVKSIIKSSLA
2bbv_6_III_E1,ASMWERVKSIIKSSLA
2bbv_6_III_E2,ASMWERVKSIIKSSLA
2bbv_6_III_E3,ASMWERVKSIIKSSLA
2bbv_6_III_E4,ASMWERVKSIIKSSLA
2bbv_6_III_E5,ASMWERVKSIIKSSLA
2bbv_6_III_EX0,ASMWERVKSIIKSSLA
2bbv_6_III_G1,ASMWERVKSIIKSSLA
2bbv_6_III_G2,ASMWERVKSIIKSSLA
2bbv_6_III_G3,ASMWERVKSIIKSSLA
2bbv_6_III_G4,ASMWERVKSIIKSSLA
2bbv_6_III_G5,ASMWERVKSIIKSSLA
2bbv_6_III_GX0,ASMWERVKSIIKSSLA
2bck_C,VYGFVRACL
2bdy_B,DFEEIPEEYL
2be1_D,VVVVVVVV
2bec_B,RSINEEIHTQFLDHLLTGIEDICGH
2bgn_W,MWPVDP
2bi6_L,TACSECVCPLR
2bil_A,KRRRHPS
2bj4_C,LTSRDFGSWYA
2bnq_C,SLLMWITQV
2bnr_C,SLLMWITQC
2bp3_T,RGSLPTFRSSLFLWVRPN
2bp5_P,VEDYEQGLSG
2bqz_B,RHRVLRDNY
2br8_F,GCCSLPPCALNNPKYC
2br9_P,RQRSAP
2brq_C,PLYKSAITTTINPR
2brr_P,VVNNKVATH
2bsr_C,RRIYDLIEL
2bss_C,KRWIILGLNK
2bst_C,SRYWAIRTR
2btp_P,RQRSAP
2btx_B,MRYYESSLKSYPD
2bug_B,MEEVD
2buo_T,ITFEDLLDYYGP
2bvo_C,KAFSPEVIPMF
2bvp_C,ISPRTLDAW
2bvq_C,KAFSPEVIP
2bvr_I,GDFEEIPEEYA
2bvs_I,GDFEEIPEEYL
2bvx_I,GDFEEIPEEYL
2bxt_I,GDFEEIPEEYL
2bxu_I,GDFEEIPEEYL
2byp_F,GCCSDPRCAWRC
2bz8_C,PARPPKPRPRR
2bzk_A,KRRRHPS
2c1a_I,TTYADFIASGRTGRRNAIHD
2c1b_I,TTYADFIASGRTGRRNAIHD
2c1j_C,ARKSTGGK
2c1n_C,ARKSTGGK
2c23_P,GLLDALDLASK
2c2l_E,DTSRMEEVD
2c3i_A,KRRRHPSG
2c5i_P,KKSLRVSSLNKDRRLLLREFYNL
2c5k_P,KSLRVSSLNKDRRLLLREFYNL
2c5v_F,AARSLI
2c5w_A,TSSKIYDNKNQLIADL
2c6w_A,TSSKIYDNKNQLIADL
2c74_P,QRSAP
2c77_B,SNVGSP
2c7u_C,SLFNTIAVL
2c8w_I,DFEEIPEEYLQ
2c8x_I,DFEEIPEEYLQ
2c8y_I,DFEEIPEEYLQ
2c8z_I,DFEEIPEEYLQ
2c90_I,DFEEIPEEYLQ
2c93_I,DFEEIPEEYLQ
2c9t_K,GCCSDPRCAWRC
2cbl_B,SDGYTPEPA
2cch_E,HTLKGRRLVFDN
2cci_F,HHASPRKHTLKGRRLVFDN
2ce8_X,MFSIDNILA
2ce9_X,MWRPW
2cf8_I,FEEIP
2cf9_I,FEEIP
2cha_A,CGVPAIQPV
2ci9_L,HIYDEVAAD
2cia_L,HIYDEVAAD
2cik_C,KPIVVLHGY
2ck0_P,CKEWLSTAPCG
2ckb_P,EQYKFYSV
2clr_C,MLLSVPLLLG
2clv_C,SQYYYNSL
2clz_C,INFDFNTI
2cmy_B,CKVMCYAQRSPELLRRCLDNC
2cn0_I,FEEIP
2cnm_D,ARYFRR
2cny_B,GSFLPNSEQQKSVDAVFSSP
2cnz_B,GSFLPNSEQQKSADIVFSSP
2co0_B,ARTKQT
2co1_B,GSFLPNSEQQKSVDIVASSP
2co2_B,LPNSEQQKSVDIVFSS
2co4_B,GSFLPNSEQQKSVDIVFSSP
2cpk_I,TTYADFIASGRTGRRNAIHD
2cv3_B,TTLKFPSDWDD
2cvy_B,FTFNEDF
2cwg_D,DTYAATPR
2czy_B,APQLIMLANVALTGE
2d0n_B,PSIDRSTKP
2d10_E,SSKRAPQMDWSKKNELFSNL
2d11_E,KRAPQMDWNRKREIFSNF
2d1x_P,KRPPPPPPG
2d31_C,RIIPRHLQL
2d3g_P,LQEEEELQLALALSQSEA
2d5w_C,ASKPK
2d7s_B,GPYAGPLERQRPLKV
2dew_A,TARKS
2dex_A,APRKQ
2dey_A,SGRGK
2djy_B,GPLGSELESPPPPYSRYPMD
2do2_P,ALASK
2doh_C,LTADAELQRLKNERHEEAELERLS
2doi_C,KLTADAELQRLKNERHEEAELERL
2dp4_I,GDEQGENK
2ds8_P,ALRVVK
2duj_P,LLFND
2dvq_P,KGLGKGGA
2dvr_P,KGLGKGGA
2dwx_P,GWNSFQSS
2dyf_B,GSTAPPLPR
2dyh_B,WRQDID
2dym_B,SMDDLLIRRLTDRNDKEAHLNELF
2dyp_C,RIIPRHLQL
2dze_X,LARRLR
2e3k_Q,SGRGKGGKGLGKGGA
2e4h_B,GEEEGEEY
2e7l_Q,QLSPFPFDL
2eeo_A,MKRVMFHAKIHRATVTQADLHYV
2egn_B,SSSSL
2eh8_P,ANSNNPDWDF
2ejy_B,RKEYCI
2ems_B,KRRTGALTLSGGGKR
2emt_C,RLSRKTHMYPVRNYSP
2er0_I,HPFHLF
2er6_I,PTERE
2er7_I,HPFHIH
2er9_I,HPFHLF
2erz_I,TTYADFIASGRTGRRNAIHD
2esl_I,ALLVTGLVLA
2esv_P,VMAPRTLIL
2etz_B,ADYEPP
2eu0_B,ADYEPP
2ez5_P,TGLPSYDEALH
2f31_B,DETGVMDSLLEALQSGAAFR
2f3y_B,KFYATFLIQEYFRKFKKR
2f3z_B,KFYATFLAAEYFRKFKKR
2f49_C,PVERQTIYSQILAAPPKER
2f53_C,SLLMWITQC
2f54_C,SLLMWITQC
2f58_P,HIGPGRAFGGG
2f5b_P,ELDKWAS
2f69_B,SKSDRKY
2f6j_P,ARTQT
2f74_C,KAVYNFATM
2f7e_I,TTYADFIASGRTGRRNAIHD
2f7x_I,TTYADFIASGRTGRRNAIHD
2f7z_I,TTYADFIASGRTGRRNAIHD
2f8e_A,GPYAGPLERQRPLKV
2f9u_B,KKGSVVIVGRIVLSGKPAIIPKK
2f9v_B,KGSVVIVGRIVLSGKPAIIPKK
2fai_C,HKILHRLLQD
2fci_B,DTEVYESPYADPE
2feq_D,YEPIPEEQ
2fes_D,YEPIPEEQ
2ff4_E,SLEVTEAD
2ff6_H,ETNEKNPLPDK
2fff_A,ISEITYSDGTVIASI
2ffu_P,STTPAPTTK
2fge_D,AALTRA
2fgr_B,DNWQNGTS
2fka_B,VDDLLDSLGF
2flk_B,QDQVDDLLDSLGF
2flu_P,AFFAQLQLDEETGEFL
2flw_B,SQDQVDDLLDSLGF
2fm2_B,KGSVVIVGRIVLSGKPAIIPK
2fmf_B,QDQVDDLLDSLGF
2fmh_B,QVDDLLDSLGF
2fmi_B,SQDQVDDLLDSLGF
2fmk_B,ASQDQVDDLLDSLGF
2fns_P,RQANFLG
2fnt_P,RQVNFLG
2fo4_P,SAPDFRPL
2foj_B,GARAHSS
2foo_B,EPGGSR
2fop_B,EKPSSS
2fot_C,ASPWKSARLMVHTVATFNSIKER
2fsa_P,ARTQT
2fse_E,AGFKGEQGPKGEPG
2fts_P,FSIVGSLPRDFEL
2fuu_B,ARTQTARKSTGGKA
2fvj_B,HKLVQLLTTT
2fwo_P,TYQRTRALV
2fx7_P,NWFDITNWLWYIKKKK
2fx8_P,NWFDITNALWRR
2fx9_P,NWFCITWLWKKKK
2fym_B,ASPELASGKVWIRYP
2fys_D,RRLQKGNLPVR
2fyy_C,HPVGFEY
2fz3_C,HPVGEADYFEY
2g01_F,PKRPTTLNLF
2g1t_E,EIFGEFEA
2g2f_C,EAIFAAPF
2g2i_C,EEIFGEFE
2g30_P,DDGLDEAFSRLAQSRT
2g35_B,SWVYSPLH
2g44_C,KILHRLLQD
2g46_C,GKAPRKQLATKAARSAPATG
2g47_C,DAEKLVFFAED
2g48_C,KCNTATQRLANFLVHSSN
2g49_C,HSQGFVQWLMN
2g54_C,FVNQHEALYLVCG
2g56_C,FVNQVEALYLVCGERGFF
2g5b_I,PTSSEQI
2g5l_X,MDVEAWL
2g5o_C,HKILHRLLQD
2g6q_B,ARTQTAR
2g83_C,RGYYHGIWVGE
2g9h_C,PKYVKQNTLKLAT
2gch_E,CGVPAIQPVLS
2gct_A,CGVPAIQPVLS
2gct_D,XPGAY
2gdc_B,XXIYXXAKXVXXXLSKVLXXI
2gde_D,DFEEIPGEYL
2gfa_C,ARTQTA
2gfc_I,TTYADFIASGRTGRRNAIHD
2ggm_C,NWKLLAKGLLIRERLKR
2ghq_C,SPTSP
2ght_C,SPTSP
2git_C,LLFGKPVYV
2gj6_C,LLFGKPVYV
2gkw_B,SVPVPATELGSTELVTT
2gl7_C,SQEQLEHRERSLQTLRDIQRMLF
2gmt_A,CGVPAIQPVL
2gmx_F,PKRPTTLNLF
2gnf_I,TTYADFIASGRTGRRNAIHD
2gng_I,TTYADFIASGRTGRRNAIHD
2gnh_I,TTYADFIASGRTGRRNAIHD
2gni_I,TTYADFIASGRTGRRNAIHD
2gnj_I,TTYADFIASGRTGRRNAIHD
2gnl_I,TTYADFIASGRTGRRNAIHD
2gns_P,ALVYK
2gph_B,RLQERRGSNVALMLDC
2gpo_C,SLLLHLLKSQ
2gpp_C,SLLLHLLKSQT
2gpv_G,GLEAIIRKALMG
2grl_E,AITLIFI
2grm_D,AITLIFI
2gs6_B,EIYGE
2gsi_W,KHPKKGVEKY
2gt9_C,EAAGIGILTV
2gtk_B,HKLVQLLTTT
2gtw_C,LAGIGILTV
2gtz_C,ALGIGILTV
2gu8_C,TTYADFIASGRTGRRNAIHD
2guo_C,AAGIGILTV
2gv2_B,FMAEL
2gvf_B,KGSVVIVGRIVLSGKPAIIPKK
2gww_B,NNIYKAAKDVTTSLSKVLKNIN
2h1c_B,VRLGSMLASIGQEIGGVEL
2h1p_P,LQYTPSWMLVG
2h2d_B,KGQSTSRHKKLMF
2h2f_B,SRHKKLM
2h2g_B,HAKRV
2h2h_B,AKRKTVT
2h3s_A,GPSQPTYPG
2h4f_D,SRHKKLMF
2h4h_B,SRHKKLMF
2h4j_D,QSTSRHKKLMF
2h4m_C,NNQSSNFGPMKGGNFGGRSSGPY
2h59_D,HKKLMF
2h6h_P,PTASACVLS
2h6k_C,ARTQTARK
2h6n_C,ARTQTAR
2h6p_C,KPIVVLHGY
2h6q_C,ARTQTA
2h96_F,PKRPTTLNLF
2h9m_B,ARTKQT
2h9r_C,LLIETASSLVKNAIQLSIEQLV
2hbh_B,RHKILHRLLQ
2hc4_B,RHKILHRLLQ
2hcd_B,RHKILHRLLQ
2hdx_G,TPDYELLTE
2hfp_B,TERHKILHRLLQEGSPS
2hgt_J,DFEEIP
2hh0_P,HGQWNKPSK
2hi8_P,CTPSR
2hjk_C,KGFNPEVIPMF
2hjl_C,KAFNPEIIPMF
2hkf_P,LPGEEDLPG
2hmh_B,STVEYSTVVHS
2hn7_C,AIMPARFYPK
2ho2_B,PPPPPPPPPL
2hpl_B,DDLYG
2hpz_B,KLKLLVVIRLK
2hqh_E,PYCEICEMFGHWATNCNDDETF
2hqw_B,KKKATFRAITSTLASSFKRRRS
2hrp_P,MSLPGRWKPK
2hsq_B,AIYEKAKEVSSALSKVLSKIDDT
2ht9_X,LGTENLYFQSME
2hu2_B,RRTGAPPAL
2hug_B,APPGTARRKRKADS
2hwd_4,YFNINYFKDAASSGASRLD
2hwe_4,YFNINYFKDAASSGASRLD
2hwf_4,YFNINYFKDAASSGASRLD
2hwl_P,PAETEYDSLYPEDD
2hwn_E,EELAWKIAKMIVSDVMQQC
2hzs_I,PFNVDDVLKFTFTGEKHHHHHH
2i04_C,RETQV
2i0i_D,RRETQV
2i0l_C,RRETQV
2i5y_2_III_H,NLHFCQLRCKSLGLLGRCAPTFCAC
2i6o_B,NKYGN
2i94_B,MDFGSLETVVANSAFI
2iah_I,SRSKTT
2iam_P,GELIGILNAAKVPAD
2ian_C,GELIGTLNAAKVPAD
2ibf_B,NHAIYEKAKEVSSALSKVLSKIDDT
2icw_C,PKYVKQNTLKLAT
2ifr_B,FKFALR
2igf_P,EVVPHKK
2ihs_C,DINNNNNIVEDVERK
2iij_B,GAMGKDIQLARRIRGERA
2ilm_S,QLTSYD
2ipk_C,PKVKQNTLKLAT
2ipu_Q,AEFRHDS
2isq_B,TEWSDYVI
2iuh_B,TNEYMDMK
2iui_C,SIDYVPMLDMK
2iv8_P,DDDIVFEDFARQRL
2iv9_P,SFGDGFADF
2ivz_E,GASDGSGWSSENNPW
2izx_C,QIEYLAKQIVDNAIQQAK
2j0u_1_III_C,RWEHDKFRE
2j6f_C,PPKPRPRR
2j6o_C,PLPRPRV
2j7i_C,GPPLPRPRV
2j7x_B,IQSLINLLADN
2j7y_B,QSLINLLAD
2j8u_C,ALWGFFPVL
2jam_D,GVSKFA
2jbu_C,AAAAAAAAAA
2jby_B,SSTMGQVGRQLAIIGDDINRRYDSE
2jcc_C,ALWGFFPVL
2jd5_C,RERSP
2jdl_C,DDDMGFGLFD
2jdo_C,GRPRTTSFAE
2jdr_C,GRPRTTSFAE
2jds_I,TTYADFIASGRTGRRNAIHD
2jdt_I,TTYADFIASGRTGRRNAIHD
2jdv_I,TTYADFIASGRTGRRNAIHD
2jet_A,QACGVPTIQPVL
2jf1_T,LFKSATTTVMN
2jf9_P,SPGSREWFKDMLS
2jfa_P,DAFQLRQLILRGLQD
2jgb_B,RIIYDRKFLMECRNSP
2jgc_B,RIIYDRKFLMECRNSPV
2jh0_H,DFEEIPEEYL
2jh5_H,DFEEIPEEYL
2jh6_H,DFEEIPEEYL
2jk9_B,NELNNNLP
2jkg_P,PPPPPPPP
2jkr_P,MSQIKRLLS
2jkt_P,MSEIKRLLS
2jld_E,AGGAAAAA
2jma_B,APSYSPPPPP
2jmf_B,NTGAKQPPSYEDCIK
2jmj_P,ARTQTARK
2jmx_B,QKTGTAEVSSILEERILGADTSVDL
2jnd_B,LAQEAHKNRKLLEII
2jnw_B,KIIDTGGGFIL
2jo9_B,EEPPPPYED
2joa_B,DSRIWWV
2jog_B,GPHPVIVITGPHEELE
2jq9_B,EDQLSRRLAALRN
2jqi_B,NITQPTQQST
2jqk_B,DEEIERQLKALGVD
2jql_B,NITQPTQQST
2jt9_A,PPILL
2jup_P,GPPLIPPPP
2jw1_B,SETTLLEDEKSLVSYLNY
2jz3_A,VATLQHLCRKTVNGH
2jzi_B,ARKEVIRNKIRAIGKMARVFSVLR
2k00_B,GRSKESGWVENEIYY
2k0f_B,RRKWQKTGHAVRAIGRLSS
2k17_P,ARTQTARKSTGG
2k20_B,DEDQHSQITKV
2k2i_B,RADLHHQHSVLHRALQAWVT
2k2r_B,DLDALLADLE
2k3u_B,TTPDYGHYDDKDTLDLNTPVDK
2k3w_B,IELPEVPSEPLP
2k6q_B,MSGGDDDWTHLSSKEVD
2k7l_B,EDTDEDDHLIYLEEILVRV
2k7w_B,EIWIAQELRRIGDEFNAYYA
2k9u_B,MASKPEKRVASSVFITLAPPRRDV
2ka9_B,QVVPFSSSV
2kbm_X,TRTKIDWNKILS
2kbr_B,DDDRYLREAIQEYDNIAK
2kbs_B,TPLEITEL
2ke1_B,ARTKQTARKS
2kff_B,FNYESTNPFTAK
2kfg_B,FNYESTDPFTAK
2kfh_B,FNYESTGPFTAK
2kft_B,ARTKQTARKSTGGKAPRKQLC
2kgb_I,RRVRISADAMMQALLGARAK
2kgi_B,ARTQTARK
2khh_B,DSGFSFGSK
2knh_B,IGTDKELSDLLDFSAMFS
2koh_B,MLAELYGSDPQEELII
2kpl_B,RSSRTRRETQV
2kpz_B,QIPPPYVEP
2kq0_B,TAPPEYMEA
2kqf_B,SWESHKSGGETRL
2kqs_B,KTSVATQCDPEEIIVLSDSD
2krb_B,DEDVKDNWDDD
2krd_I,RISADAMMQALLGARAK
2ks9_B,RPKPQQFFGLM
2ksa_B,RPKPQQFFGLM
2ksb_B,RPKPQQFFGLM
2ksp_B,LESKPYNPFEEEEED
2ktb_A,ARTKQTARKSTGGKAPRKQL
2kup_B,LFRLRHFPCGNVNYGYQQQ
2kvm_B,APRKQLATKAARSAP
2kwf_B,GSGTDKELSDLLDFSAMFS
2kwj_B,ARTKQTARKSTGGKAPRKQL
2kwk_B,ARTKQTARKSTGGKAPRKQL
2kwn_B,GLGKGGAKRHRKVLR
2kwo_B,SGRGKGGKGLGKGGAKRHRK
2kxc_B,HIPPAPNWPAPTPPVQN
2kxq_B,GPLGSELESPPPPYSRYPMD
2kyl_B,PFDEDQHTQITKV
2kym_B,GKFIPSRPAPKPPSSA
2kzu_B,GSQEDSDSELEQYFTARW
2l0i_B,PSYSPTSPS
2l11_B,ARTKQTARSTGGKA
2l12_B,ARTKQTARSTGGKA
2l1b_B,QLATKAARSAPATG
2l1r_B,RRVRISADAMMQALLGARAK
2l1w_B,ARQRWRSSVSIVKNRARRFRMISNL
2l3r_B,ARTKQTARST
2l4k_B,PQPEYVNQPD
2l4t_B,KENLESMV
2l5e_B,GKGKKK
2l6e_B,ITFDLLYYGKKK
2l6j_B,MEEVD
2l75_B,ARTKQTARST
2l7l_B,AKSKWKQAFNATAVVRHMRKLQ
2l7u_B,DEFADE
2l8j_B,GAMGSASSEDYIIILPES
2laj_B,AGSPNLSPNP
2las_B,DNEIEVIIVWEKK
2law_B,TPPPAYLPPEDP
2lax_B,STYPHSPTS
2lay_B,STYPHSPTS
2laz_B,SDPGSPFQ
2lb0_B,TSSDPGSPFQ
2lb1_B,DTPPPAYLPPEDP
2lb2_B,ETPPPGYLSEDG
2lb3_B,IPETPPPG
2lbm_C,ARTKQTARSTGGKA
2lcs_B,GKFIPSRPAPKPPSSA
2lct_B,DTEVYESPYADPE
2lgf_B,AFIIWLARRLKKGKK
2lgg_B,ARTKQTARKSTG
2lgk_B,ARTKQTARSTG
2ll6_B,LKVLVKAVLFACMLMRK
2ll7_B,KKTFKEVANAVKISASL
2llo_B,RAANLWPSPLMIKRSKKNS
2llq_B,RAANLWPSPLMIKRSKKNS
2lnw_B,EEPVYEEVG
2lo6_B,YSPTSPSYSPTSPS
2lob_B,EEVQDTRL
2loz_B,EDHKPGTFPKALTN
2lp0_B,NQEFDSEEETVEDSLVEDSE
2lp8_B,GCVGRALAAFGDCINR
2lqc_B,GTGAALSWQAAIDAARQAKLMGSA
2lsi_B,GSHKKSFFDKKRSERKW
2lsj_B,KSFFDKKRSERISN
2lsk_B,QSTGTEPFFKQKSLLL
2lsp_A,RTYETFKSIMKKS
2lsr_B,GSLLKEVLEDYLRLKK
2lsv_B,ADTEMEEVD
2lto_B,YSPSSPYTPQSP
2ltv_B,SPPPPYSRYPMD
2ltw_B,GESPPPPYSRYPMD
2ltx_B,ELESPPPPYSRYPMD
2lty_B,ELESPPPPYSRYPMD
2ltz_B,ELESPPPPYSRYPMD
2lue_B,NSSGSSEDSFVEIRMAE
2lvm_B,GAKRHRVLRDNIQ
2lxs_B,DAGNILPSDIMDFVLKNTP
2lxt_B,DAGNILPSDIMDFVLKNTP
2m04_B,EEQWAREIGAQLRRMADDLNAQYER
2m0o_B,ATGGVKPHRY
2m0u_B,QDTRL
2m0v_B,QDTRL
2m14_B,YDSEEFEDVTDGNEV
2m3m_B,ERTRQRNETQV
2m3o_P,TAPPPAYATLG
2m41_A,VFPWHSLVPFLAPSQ
2m55_B,MDVFMKGLSKAKEGVVAAA
2m5b_B,EDIIRNIARHLAVGDLDRSI
2m8s_B,RYHRRGGYDVENEEKVKLGMTNSH
2mak_B,GSELNELAEFARLQDQLDHRGDH
2mbh_B,DTQDDFLKWWRSEEAQDMG
2mbz_B,SVGAAA
2mc1_B,DTEVYESPYADPE
2mc6_B,MKDLLNLFNQ
2mfq_B,GPDAVIIGMTKIPVIENPQYFGI
2mg5_B,TFKEVANAVKISASLM
2mha_E,RGYVYQGL
2mho_B,VVSERISSV
2mjv_A,SPAQGKRGKKSA
2mkc_B,GSKSQYIDIMPDFSPSGLLELES
2mkp_I,RMSADAMLKALLGSKHK
2mkr_B,DLDESWDYIFETT
2mnj_A,GPHMSVQIPVVEVDELPEGYDRS
2mnz_B,ARTKQTARKS
2mow_B,DDDEDGYNPYTL
2mp2_C,TVGDEIVDLTCESLEPVVVDLTHND
2mpa_P,KDTNNNL
2mpm_B,VETFGTTSYYDDVGLL
2mps_B,DGGTTFEHLWSSLEPD
2mpt_B,RLDLPPYETFEDL
2mrk_B,EPQYQPGENL
2ms4_B,PEPGPYAQP
2msr_A,GGSGEDEQFLGFGSDEEVRVR
2mtp_B,WKVGFFKRNRPPLEEDDEEGE
2mv7_B,TNKLPVSIPLASVVLPSRAERARST
2mwn_A,DIDQMFSTLLGEMDLLTQSLGVDT
2mwo_B,RAHSSHLSKKGQST
2mwp_B,STSRHKLMFKT
2mwy_B,SQETFSDLWKLLPEN
2my3_B,GSKSQYIDIMPDFSPSGLLELES
2mzd_B,LPSQAMDDLMLSPDDIEQWFTEDPG
2n01_A,TKPAPDFGGRWKHVNHFDEAPTE
2n0y_B,GGGGYDVEMESEEESDDDGFVEVD
2n1g_B,KGNMMSNFFGKAAMNK
2n1o_B,RISPPLPF
2n23_B,DTQDDFLKWWRSEEAQDMG
2n3a_A,EGESETESFYGFEEAD
2n3k_B,TWRVQRSQNPLKIRLTR
2n4q_A,TQGGRPSLIARIPVARILGDPEEE
2n8j_B,TRKKTFKEVANAVKISASLMGT
2n8t_B,APLSPMSPPGYKLV
2n9e_A,EDAFIVISDSDGE
2n9x_B,DYESDDDSYEVLDLTEY
2nbk_B,QEPEPPEPFEYIDD
2ncz_B,EIKLKITKTIQN
2nd0_B,NLQSSIVKFKKPLPLTQPG
2nd1_B,VVPKKKIKKEQVE
2ndf_B,GGKAPRKQLATKA
2ndg_B,GGKAPRQLATKA
2nl9_B,RPEIWIAQELRRIGDEFNAYYAR
2nla_B,DECAQLRRIGDKVNLRQKLLN
2nm1_B,EDMFAKLKDKFFNEINK
2nmb_B,AYIGPYL
2nna_C,SGEGSFQPSQENP
2nnu_B,ATIDMNFQSDLLSIFEENLF
2no3_F,PKRPTTLNLF
2np0_B,DMFAKLKEKFFNEIN
2npa_B,LTERHKILHRLLQEG
2nph_T,YVDGA
2npm_X,RAISLP
2ns8_H,WTWNAYAFAAPS
2nud_C,KFGDWDENNPSSADGYTHIFNKV
2nv7_C,HKLVQLLTTT
2nw3_C,EPLPQGQLTAY
2nwn_B,CSWRGLENHRMC
2nx5_C,EPLPQGQLTAY
2nxd_P,ADIFYLDG
2nxl_P,AEVFYVDGA
2nxm_P,AQTFYVDG
2o02_P,GHGQGLLDALDLAS
2o4j_C,KNHPMLMNLLKD
2o4r_C,KNHPMLMNLLK
2o5g_B,ARRKWQKTGHAVRAIGRLS
2o60_B,AIGFKKLAEAVKFSAKLMGQ
2o88_C,APSYSPPPPP
2o8m_C,KKGCVVIVGRIVLSGKPAIIPKK
2o9i_C,SLTERHKILHRLLQE
2o9k_B,ARTQT
2o9q_C,GCWTKSIPPKPCFG
2o9v_B,VPPPVPPPPS
2obh_C,NWKLLAKGLLIRERLK
2obo_B,KKGSVVIVGRIVLSGKPAIIPKK
2obq_B,KGCVVIVGRIVLSGKPAIIPKK
2oc0_B,KGSVVIVGRIVLSGKPAIIPKK
2oc1_B,KGSVVIVGRIVLSGKPAIIPKK
2oc7_B,KGSVVIVGRIVLSGKPAIIPKK
2oc8_B,KGSVVIVGRIVLSGKPAIIPKK
2od2_B,KGGAKRH
2od7_B,KGGAKRHR
2od8_B,KPKQATLARFF
2od9_B,KGGAKRH
2odd_B,TISNPPPLISSAK
2oei_B,PPPPPPLPP
2ofq_B,PPPEPDWSNTVPVNKTIPVDTQ
2oh0_I,TTYADFIASGRTGRRNAIHD
2oi3_B,HSKYPLPPLPSL
2oi9_Q,QLSPFPFDL
2oin_C,GSVVIVGRIVLSGKPA
2oj2_B,HSKYPLPPLPSL
2oje_C,PKYVKQNTLKLAT
2ojf_I,TTYADFIASGRTGRRNAIHD
2oju_D,ALLVTGLVLA
2ojx_E,LLCSTPN
2okr_C,IKIKKIEDASNPLLLKRRKKARAL
2ol3_P,SQYYYNSL
2oq1_B,NQLYNELNLGRREEYDVLD
2oq6_C,ARSTGGK
2oqj_C,ACPPSHVLDMRSGTCLAA
2oqs_B,RRETQV
2or9_P,EQKLISEEDLN
2os2_C,STGGVKPHRY
2os6_B,VENKVTDL
2osl_P,CEPANPSEKNSPSTQYCYSI
2ot7_C,ARSTGGK
2ot8_C,EKNKRGGNRFEPYANPT
2otu_P,QQQQQQQQQQG
2otw_E,QQQQQQQQQQG
2ovh_B,GLEAIIRKALMGK
2ovm_B,LEDIIRKALMG
2ovq_C,LPSGLLTPPQSG
2ovr_C,SLIPTPDK
2ox0_C,ARSTGGK
2p0w_P,KGGKGLGKGGAKRHR
2p15_C,HKILHRLLQDS
2p1l_B,GSGTMENLSRRLKVTGDLFDIMSG
2p1n_C,QVVGWPPVRNYRK
2p1o_C,QVVGWPPVRNYRK
2p1q_C,QVVGWPPVRNYRK
2p1t_B,HKILHRLLQD
2p1u_B,HKILHRLLQD
2p1v_B,HKILHRLLQD
2p2t_C,VYTKQTQTT
2p54_B,ARHKILHRLLQE
2p59_C,GSVVIVGRIVLSGKPA
2p5b_I,KSAPATGGVKPHRYRP
2p5e_C,SLLMWITQC
2p5w_C,SLLMWITQC
2p6a_E,AAAAAAAAAA
2p6b_E,PHPVIVITGPHEE
2p8l_C,ELLELDKWASL
2p8m_C,ELLELDKWA
2p8o_A,CGVPAIQPVL
2p8p_C,LELDKWASLW
2pav_V,GGPPPAPPLPAAQ
2pcu_B,FNRPV
2pdz_B,KESLV
2peh_C,KRKSRWDETP
2pem_R,EIKFEFD
2phk_B,RQMSFRL
2pie_F,ELKTERY
2pks_D,DFEEIPGEYL
2pku_B,ESVKI
2pl9_D,AGVVASQDQVDDLLDSLGF
2pld_B,DNDYIIPLPDPK
2ple_B,DNDYIIPLPDPK
2pmc_E,DLLDSLGF
2pnx_B,ARTQTAR
2pon_A,GGTMENLSRRLKVTGDLFDIMSG
2poy_T,ALLVTGLVLA
2pq2_B,GALAG
2pqk_B,GRPEIWIAQELRRIGDEFNAYYA
2pqn_1_III_B,ETSLFQGFKSYLPIAELAIE
2pqw_B,RHRVLRDN
2pr9_P,DEEYGYECLD
2pux_C,QNTFEEFPLSDIE
2puy_E,ARTKQTARKS
2pv1_B,WEYIPNV
2pv2_E,NFTLKFWDIFRK
2pv3_C,NFTLKFWDIF
2pvc_D,ARTKQTA
2pw1_C,ELDKWNSL
2pw2_C,ELDKW
2pxy_P,RGGASQYRPSQ
2pye_C,SLLMWITQC
2q0n_B,RRRRRSWYFDG
2q3i_D,GACGLGQEEWFWLCAA
2q3y_B,PAILYALLSS
2q5d_2_III_D,ERRRRLLELQKSKRLDYVNHARR
2q6g_C,TSAVLQSGFRK
2q6j_C,KILHRLLQDS
2q6w_C,AWRSDEALPLG
2q7i_B,GAFQNLFQSV
2q7j_B,ENALLRYLLDKDD
2q7k_B,GAFQNLFQSV
2q7l_B,ENALLRYLLDKDD
2q8y_B,QYFMTEYVA
2q9i_M,MHRPY
2qa6_C,KILHRLLQD
2qa8_C,HKILHRLLQD
2qab_C,KHKILHRLLQD
2qac_T,SLMRVQAHIRKRMVA
2qas_B,HGAANDNFAE
2qbw_B,PQPVDSWV
2qbx_P,SNEWIQPRL
2qfc_C,LPFEF
2qgt_C,KILHRLLQDS
2qgw_C,KHKILHRLLQD
2qh6_C,HKILHRLLQD
2qhr_P,VEQHHRRTDND
2qic_B,ARTQTAR
2qiy_C,LPLFINTTEAEFAAASVQRYELNMK
2qki_G,ICVWQDWGAHRCT
2qme_I,EISLPSDFEHTIHVGFDAVTGEFT
2qn6_C,SSEKEYVEMLDRLYSKLP
2qos_A,LRYDSTAERLY
2qpy_B,LLRYLLDKDD
2qqf_B,KGGAKRHR
2qqg_B,KGGAKRH
2qqs_D,RHRVLR
2qr9_C,HKILHRLLQD
2qsc_P,RKRIHIGPGRAFYTT
2qse_C,HKILHRLLQD
2qur_B,TTYADFIASGRTGRRNAIHD
2qv1_C,GSVVIVGRIVLSGKPA
2qxm_C,HKILHRLLQDS
2qyf_E,SWYSYPPPQRA
2qzo_C,HKILHRLLQ
2r0l_B,PGRQACGRRH
2r0w_Q,AEFRHDS
2r0z_Q,AKFRHD
2r1r_D,SEVDTDDLSNFQL
2r28_C,IRNKIRAIGKMARVF
2r2m_H,DFEEIPEEYLQ
2r5b_H,KGACDYPEWQWLCAA
2r5d_H,KGACDYPEWQWLCAA
2r7g_B,PPTLHELYDL
2r9b_C,KPFSLQF
2r9q_X,SNPACVA
2r9q_Y,VEVPLAGAV
2rfd_C,MPPTQSFAPDPKYVSS
2rfi_P,KQTARST
2rfx_C,LSSPVTKSF
2ri7_P,ARTQT
2rky_D,KNGPIIQNNKFEYKEDTIK
2rkz_M,ETLTGQYDKNLVTTVEEE
2rl0_G,GQVTTESNLVEFDEEST
2rln_S,KETAAAKFERQHLDS
2rly_P,PTPPPLPP
2rm0_P,PPPLIPPPP
2rma_B,ALLVTGLVLA
2rmb_B,ALLVGLVLA
2rmc_B,ALLVTGLVLA
2rmx_B,MDNQGVIYSDLNLPP
2rnw_B,ARTKQTARKSTGGKA
2rnx_B,STGGVKKPHRYKC
2rny_B,GGAKRHRKVLRDNIQ
2rol_B,PPVPNPDYEPIR
2ror_B,GEDDGDYESPNEEEE
2rpn_B,AKKTKPTPPPKPSHLKPK
2rpq_B,GVIDLTMDDEE
2rqg_A,AFSRQLNVNAKPFVPNVHA
2rqh_A,AKPFVPNVHAAEFVPSFLRGPA
2rqu_B,CIISAMPTKSSRKAKKPAQ
2rqw_B,SSSANGKFIPSRPAPKPPSSASAS
2rr4_B,ARTQTARKS
2rs9_A,SGRGKGGKGL
2rsn_B,ARTKQTARSTGGKAPRY
2rt5_B,YETLSDSE
2ruk_A,DDLMLSPDDIEQWFTEDPGPDE
2rvn_B,ARTKQTARSTGGKAPRY
2seb_E,AYMRADAAAGGA
2uud_S,STSSGGGSA
2uuf_H,DFEEIPEEYL
2uuj_H,DFEEIPEEYL
2uuk_H,DFEEIPEEYL
2uvx_I,TTYADFIASGRTGRRNAIHD
2uvy_I,TTYADFIASGRTGRRNAIHD
2uvz_I,TTYADFIASGRTGRRNAIHD
2uw0_I,TTYADFIASGRTGRRNAIHD
2uw3_I,TTYADFIASGRTGRRNAIHD
2uw4_I,TTYADFIASGRTGRRNAIHD
2uw5_I,TTYADFIASGRTGRRNAIHD
2uw6_I,TTYADFIASGRTGRRNAIHD
2uw7_I,TTYADFIASGRTGRRNAIHD
2uw8_I,TTYADFIASGRTGRRNAIHD
2uw9_C,GRPRTTSFAE
2uwe_C,ALWGFFPVL
2uxn_E,ARTQTA
2uz6_K,GCCSRPPCILNNPDLC
2uzt_B,TTYADFIASGRTGRRNAIHD
2uzu_I,TTYADFIASGRTGRRNAIHD
2uzv_2,TTYADFIASGRTGRRNAIHD
2uzw_I,TTYADFIASGRTGRRNAIHD
2v17_A,TDHGAE
2v1d_C,ARTMQTARKSTGGKAP
2v1r_Q,EAMPPTLP
2v1r_R,MPPTL
2v1s_H,PRLSRLLSYAGC
2v1t_C,GPRLSRLLSAAGC
2v2f_A,SSKIYDNKNQLIADLG
2v2w_C,SLYNTVATL
2v2x_C,SLFNTVATL
2v3h_I,FEEIP
2v3o_I,FEEIP
2v3s_D,GRFQV
2v5f_X,HHHHHH
2v64_B,SWYSYPPPQRA
2v6q_B,DMRPEIWIAQELRRIGDEFNAYY
2v7d_P,KSATTTVM
2v83_D,ARTQTARK
2v85_D,ATQTARKAAG
2v86_E,ATQTARA
2v87_D,ATQTARKS
2v88_D,ATQTAA
2v89_E,ARTQTAAKA
2v8c_C,GPPPPPGPPPPPG
2v8f_C,IPPPPPLIPPPPPLPG
2v8w_B,RIIYDRKFLMECRN
2v8x_B,RIIYDRKFLMECRN
2v8y_B,RIIYDRKFLMECRN
2vaa_P,RGYVYQGL
2vab_P,FAPGNYPAL
2vay_B,KFYATFLIQEHFRKFMKRQEE
2vbc_B,ADLSLEKAANVQWDE
2vdn_C,GDWPC
2vdo_C,HHLGGAKQAGDV
2vdp_C,GAKQAGDV
2vdq_C,AKQRGDV
2vdr_C,AKQRGDV
2ve6_C,FAPGNYAL
2vgc_A,CGVPAIQPVL
2vif_P,NNYVYIDPT
2vj0_P,PKGWVTFE
2vj0_Q,FEDNFVP
2vkn_C,KPLPPLPLA
2vlj_C,GILGFVFTL
2vlk_C,GILGFVFTL
2vll_C,GILGFVFTL
2vlr_C,GILGFVFTL
2vm6_B,DMRPEIWIAQELRRIGDEFNAYYAR
2vnf_B,ARTQT
2vnw_I,TTYADFIASGRTGRRNAIHD
2vny_I,TTYADFIASGRTGRRNAIHD
2vo0_I,TTYADFIASGRTGRRNAIHD
2vo3_I,TTYADFIASGRTGRRNAIHD
2vo6_I,TTYADFIASGRTGRRNAIHD
2vo7_I,TTYADFIASGRTGRRNAIHD
2vof_B,EEWAREIGAQLRRIADDLNAQYE
2vog_B,RAEVQIARKLQCIADQFHRLHT
2voh_B,PNSILGQVGRQLALIGDDINRRYD
2voi_B,SQEEIIHNIARHLAQIGDEMDHNI
2vpe_P,ARTQTA
2vpg_P,ATQTA
2vr3_C,HHLGGAKQAGAV
2vzd_C,DDLDALLADLES
2vzg_A,NLSELDRLLLELNAV
2vzi_A,ATRELDELMASLS
2w0p_C,RVASSVFIT
2w10_D,PPPRPTAPKPLL
2w2u_C,RELLPELPHPP
2w3o_C,YAGSTDEN
2w5z_C,RTQTARY
2w65_E,AGLTGRPG
2w73_K,VIRNKIRAIGKMARVFS
2w84_B,GVADLALSENWAQEFLAAGD
2w85_B,SQEKFFQELFDS
2w97_E,KKRYDREFLLGFQ
2w9r_B,LVKSKATNLLY
2wa8_B,FRSKGEELFT
2wby_C,GIVEQCCTSICSLYQLENYC
2wby_D,FVNQHLCGSHLVEALYLV
2wc0_C,GIVEQCCTSICSLYQLENYCN
2wfj_B,ALLVTGLVLA
2wh0_Q,RSKSAKALSFDNR
2wh6_B,DMRPEIWIAQELRRIGDEFNAY
2whx_C,ADLSLEKAANVQWD
2why_B,GTGTGT
2wk3_D,DAEKLVFFAE
2wma_E,RKLFN
2wmb_I,RKLFD
2wo6_C,ARPGTPAL
2wok_B,RPPGFR
2wp1_P,APRKQLAT
2wp2_P,GKGGKGLGKG
2wss_2_III_Y,REYRTKRQLDRELFKLK
2wub_D,ACGRRH
2wuc_B,ACGRRHK
2wv4_D,APAKQLLNF
2wv5_E,APAKELLNF
2wzq_C,ADLSLEKAANVQW
2x04_D,WPPEFHPGVPWKGLQ
2x0l_C,ARTMQTARKSTGGKAP
2x0x_F,QIDSEVDTDDLSNFQL
2x2c_B,ALLVTGLVLA
2x39_C,GRPRTTSFAE
2x4n_C,KILGV
2x4o_F,KLTPLCVTL
2x4p_C,MILGVFV
2x4q_F,MILGVFV
2x4r_F,NLVPMVATV
2x4s_C,AMDSNTLEL
2x4t_F,NLVMVATV
2x4u_F,ILKEPVHGV
2x4w_B,SAPATGGVKPHR
2x4x_F,SAPATGGVKP
2x4y_P,ARKSAPATGGVK
2x6m_B,DYEPEA
2x70_C,KILGVFV
2x72_B,ILENLKDCGLF
2x7k_B,ALLVTGLVLA
2xa7_P,DYQRLN
2xak_D,QIDSEVDTDDLSNFQL
2xap_D,QIDSEVDTDDLSNFQL
2xav_D,QIDSEVDTDDLSNFQL
2xaw_F,EVDTDDLSNFQL
2xay_D,QIDSEVDTDDLSNFQL
2xaz_D,VDTDDLSNFQL
2xb2_2_III_F,IRNKDRPAMQLYQPG
2xbo_4_III_D1,GNSGSIVQNFYMQQYQNSIDAD
2xbo_4_III_D10,GNSGSIVQNFYMQQYQNSIDAD
2xbo_4_III_D2,GNSGSIVQNFYMQQYQNSIDAD
2xbo_4_III_D23,GNSGSIVQNFYMQQYQNSIDAD
2xbo_4_III_D24,GNSGSIVQNFYMQQYQNSIDAD
2xbo_4_III_D6,GNSGSIVQNFYMQQYQNSIDAD
2xc8_1_III_C,KPPVIVEPQPVG
2xcb_C,RVELNAPR
2xcf_C,KGSVVIVGRIVLSGKPAIIPK
2xcn_C,KGSVVIVGRIVLSGKPAIIPK
2xfx_C,VGYPKVKEEML
2xh5_C,GRPRTTSFAE
2xhs_B,STLRALLTN
2xjz_5_III_H,DVMVVGEPTLMGGEFGDEDER
2xl2_C,DEEVDVTSVD
2xl3_C,DEEVDVTSVD
2xl3_D,ARTKQ
2xn9_F,PKYVKQNTLKLAT
2xni_C,KGSVVIVGRIVLSGKPAIIPK
2xo4_F,QIDSEVDTDDLSNFQL
2xo5_F,QIDSEVDTDDLSNFQL
2xpg_C,KLIETYFSK
2xpi_1_III_B,MLRRNPTAIQITAEDVLAYDEEK
2xpi_1_III_D,MLRRNPTAIQITAEDVLAYDEEK
2xpn_B,SHMFFEIFGTGEEYRYVLES
2xpo_B,FFEIFGTGEEYRYVL
2xpp_B,IDYGDRDSLFFEIFGTGEEYRYVL
2xpx_B,STMGQVGRQLAIIGDDINRRYDS
2xqq_E,SRGTQTE
2xrw_B,RPSRDHLYLPLE
2xs0_B,RPSRDHLYLPLE
2xu7_D,MSRRKQSNPRQIK
2xum_S,EVVKLLLEHGADVDAQDK
2xvc_B,IPLPIPVKVINTL
2xxm_T,ITFEDLLDYYG
2xxn_B,SVWIPVNEGASTSGM
2xyi_B,TKPAIRRLARRGGV
2xze_R,EEEEEEALEAMQSRLATLRS
2xzq_P,YQLRPNAET
2y06_P,DPRPSYISHL
2y07_P,PPYPAW
2y0i_S,SVVEYLLQHGADVH
2y1n_D,SDGYTPEPA
2y36_P,DLWTTAIPTIP
2y48_C,PRSFLVRKP
2y4v_B,KYKQSVRLISLCQRLS
2y65_Y,PQAQIAKPIRSG
2y6s_P,KLGLITNTIAGVAGL
2y7l_B,AKQAGDV
2y8o_B,NPGLKIPK
2y9q_B,MKLSPPSKSRLARRRAL
2yb8_A,NPIFLNRTLSYMK
2yba_D,ARTKQTARKSTGGKA
2ybf_B,KYRKKHKSEFQLLVDQARKGY
2ybp_C,PATGGVKPHRY
2ybs_C,PATGGVKPHRY
2ych_B,MIRLNLLP
2ydq_T,VAHSGAK
2ydr_P,LWVDSTPP
2yds_T,VPYSS
2yez_C,TNPESKVFYL
2ygv_E,VKRAKLDQTSKGPENLQFS
2yj1_B,ARIGALRMADLNQYE
2yja_A,HKLHQLQDS
2yjd_C,HILHLLQDS
2yka_B,GPLGSSCKTSWADRVREAAAQRR
2ykt_B,GTVQNPYADVKT
2yle_B,SLYKIKPRHDSGIKAKISMKT
2ymb_H,MEDQLSRRLAALRN
2ymt_B,EWGPWV
2ynr_B,LGKRKRH
2yns_C,SVLGKRKRH
2ypk_C,KAFSPEVIPMF
2ypl_C,KAFSPEVIPMF
2yq6_B,WIAQELRIGDFNAYYA
2yq7_B,WIAQELREIGDKFNAYYA
2ys5_B,LFRLRHFPCGNVNYGYQQQ
2yu7_B,ATEQEITYAELNLQK
2yvc_D,MDITDIN
2yyr_P,ARTQT
2z31_P,RGGASQYRPSQ
2z32_B,QNEENGEQE
2z34_C,VQKVTITKEGKKRVAPQLLTT
2z3f_I,KRIAPTPVYP
2z3l_C,FRYLG
2z3n_C,FRYLG
2z4e_I,GHRPY
2z4j_B,PSILKKILLE
2z5s_P,ETFSDLWKLLP
2z5t_P,ETFSDLWKLLP
2z6w_M,ALLVTGLVLA
2z7x_C,SKKKK
2z8c_B,DYMNMS
2z8p_B,GEATVYA
2zc5_A,TSSKIYDNKNQLIADL
2zc6_A,TSSKIYDNKNQLIADL
2zc9_I,GDFEEIPEEY
2zck_S,KGISSQY
2zda_I,GDFEEIPEEYL
2zdv_I,GDFEEIPEEYL
2zf0_I,GDFEEIPEEYL
2zff_I,GDFEEIPEEY
2zfp_I,DFEEIPEEYL
2zfq_I,GDFEEIPEEY
2zfr_I,GDFEEIPEEY
2zfx_C,PMLMNLLKD
2zg0_I,GDFEEIPEEYL
2zgb_I,DFEEIPEEY
2zgh_B,SGKVPL
2zgj_B,SGKVPLS
2zgx_I,DFEEIPEEYL
2zhe_I,DFEEIPEEYL
2zhf_I,DFEEIPEEYL
2zhq_I,GDFEEIPEEYL
2zhr_C,EVNAEF
2zhw_I,DFEEIPEEYL
2zi2_I,GDFEEIPEEY
2ziq_I,DFEEIPEEYL
2zl9_C,NHPMLMNLLK
2zla_C,KNHPMLMNLLK
2zlc_C,KNHPMLMNLLK
2zlf_B,FTLDADF
2zmh_C,KNHPMLMNLLK
2zmi_C,KNHPMLMNLLK
2zmj_C,KNHPMLMNLLK
2zne_C,GPPYPTYPGYPGYSQ
2znk_I,GDFEEIPEEY
2zo3_I,GDFEEIPEEY
2zok_I,SLWNGPHL
2zol_E,SLSNGPHL
2zp9_1_III_N1,LTAQGYTLLDFIQKHLN
2zp9_1_III_N2,LTAQGYTLLDFIQKHLN
2zp9_1_III_N3,LTAQGYTLLDFIQKHLN
2zpk_P,PRGYPGQV
2zpy_B,QKKKLVING
2zsv_E,RQIFANI
2zsw_M,RYIFANI
2zvk_U,CKRPRPEGMQTLESFFKPLT
2zvl_U,KHTLDIFFKPL
2zvm_U,KKGLIDYYLMPSL
2zvv_X,RQTSMTDFYHS
2zvw_I,RQTSMTDFYHS
2zxz_B,KHKILHRLLQD
2zy0_B,HKILHRLLQD
3a2h_B,PMLMNLL
3a79_C,CSKKKK
3a9e_I,KHKILHRLLQD
3aa0_C,RLEHFTKLRPKRNKKQQPT
3aa1_C,YLAHPTRDRAKIQHSRRPPTR
3aa6_C,NLLHLTANRPKMPGRRLPGRFNG
3ade_B,VDPSTGEL
3afr_C,KNHPMLMNLLK
3agm_B,RRRRRR
3agy_C,GPTIEEV
3agz_C,GPTIEEVD
3al3_B,SIYFTPELYD
3alo_E,DDEMTGYA
3am7_B,PGGTRIIYDRKFLLDRRNS
3am8_E,VMGPRTLIL
3ama_B,TTYADFIASGRTGRRNAIHD
3amb_B,TTYADFIASGRTGRRNAIHD
3ap1_S,EDFEDYEFD
3ap2_S,EDFEDYEFD
3apr_I,PFHVY
3ask_P,ARTKQTARS
3asl_B,ARTKQTARK
3asw_B,SSGGGSSGGGH
3at0_B,WNSGSSGTGSTG
3aun_B,PMLMNLLKD
3auw_A,IQRYVRKDGKCNVHHGN
3avr_B,RKQLATKAARSAPATG
3awr_C,GPRLSRLLSSAG
3ax2_B,GPRLSRLLSYAGSGC
3ax3_B,GCRLCRLLSYA
3ax5_B,GCRLCRLLSYA
3axy_E,RVLSAPF
3ayu_B,ISYGNDALMP
3b1j_C,EPFFGDYCSENPDAAECLIYDD
3b1k_C,EPFFGDYCSENPDAAECLIYDD
3b1m_B,PSLLKKLLLAP
3b23_C,HKTAPPFDFEAIPEEYL
3b3i_C,RRKWRWHL
3b6s_C,RRKWRWHL
3b71_D,RMSQIKRLLSE
3bae_A,AEFRHDS
3bef_C,NDKYEPFWE
3bej_E,ERHKILHRLLQ
3bev_C,GHAEEYGAETL
3bew_C,REVDEQLLSV
3bfq_F,ADSTITIRGYVRDNR
3bfw_B,DSTITIRGYVR
3bg4_A,CGVPAIQPVLS
3bgm_C,RQASLSISV
3bh8_C,RQASIELPSM
3bh9_C,RTYSGPMNKV
3bhb_C,KMDSFLDMQL
3bim_K,RSEIISTAPSSWVVPGP
3bim_L,SEIISTAPSSWVVPGP
3biu_I,DFEEIPEEYL
3biv_I,DFEEIPEEYL
3bkj_A,AEFRHDS
3bky_P,CEPANPSEKNSPSTQYC
3bl2_C,TMENLSRRLKVTGDLFDIM
3bo7_E,ALLVTGLVLA
3bo8_C,EADPTGHSY
3boo_B,CRATKML
3bp4_C,IRAAPPPLF
3bp7_C,IRAAPPPLF
3bqd_B,QKSLLQQLLTE
3bqo_B,SHFNLAPLGRRRV
3brh_C,DNEYTAR
3brl_C,ATSAKATQTD
3btr_B,EAGMTLGARKLKKLG
3bts_E,MFNTTTMDD
3bu3_B,YNPYPEDYGDIEIG
3bu5_B,PYPEDYGDIEIG
3bu6_B,YNPYPEDYGDIEIG
3bu8_C,SFNLAPLGRRRVQSQ
3bua_E,FRGLALKYLLTPVN
3buo_A,SFLQRYSSDPT
3buy_C,LSLRNPILV
3bvn_C,RRRWRRLTV
3bw9_C,CPSQEPMSIYVY
3bwa_C,FPTKDVAL
3bxk_B,KIYAAMMIMEYYRQSKA
3bxl_B,KIYAAMMIMDYYKQSKV
3bxn_C,IRAAPPPLF
3bya_B,KKKATFRAITSTLASSFKRR
3bze_P,VMAPRTLFL
3bzf_P,VMAPRALLL
3bzi_E,LLCSTPN
3bzl_2_III_A,QSGSLANNIKKSTVIVKN
3bzl_3_III_A,QSGSLANNIKKSTVIVKN
3bzo_2_III_A1,SGSLANNIKKSTVIVKN
3bzo_2_III_A2,SGSLANNIKKSTVIVKN
3bzo_2_III_A3,SGSLANNIKKSTVIVKN
3bzo_2_III_A4,SGSLANNIKKSTVIVKN
3bzx_3_III_A1,SGSLANNIKKSTVIVKN
3bzx_3_III_A3,SGSLANNIKKSTVIVKN
3c01_A,EILSEQVKSDIENSRLIVAN
3c0t_B,NANQMLTDILSFMKSGKRAAALE
3c1k_B,DFEEIPEEYLQ
3c27_H,DFEEIPEEYLQ
3c2a_P,KSIHLGPGRAFYA
3c2g_C,GDEVKVFR
3c4m_C,LNSMERVEWLRKKLQDVHNF
3c5j_C,QVIILNHPGQISA
3c5l_B,PPHST
3c5t_B,DLSKQMEEEAVRLFIEWLKNGGPSS
3c66_C,DLEVIISLGPDPTRLDAKLLDSYS
3c6w_B,ARTQTA
3c8k_P,SIINFEKL
3c9c_B,KPAIRRLARRG
3c9n_C,VQQESSFVM
3cal_B,KGIVTGAVSDHTTVEDTK
3cb8_B,VSGYAV
3cbl_B,IYESL
3cbm_B,IKRSKN
3cc5_C,KVPRNQDWL
3cch_C,EGSRNQDWL
3cd3_B,IYESL
3cdg_P,VMAPRTLFL
3cdw_H,PNQKPRVPT
3cfs_E,QGITKPAIRRLARRG
3cfv_E,DNIQGITKPAIRRLARRG
3ch1_F,EGPRNQDWL
3ch8_P,PQPVDSWV
3chw_V,GGPPPAPPLPAAQ
3ck0_P,DRVYIHPF
3cld_H,NALLRYLLD
3cm8_B,SMDVNPTLLFLKVPAQ
3coj_H,PQSPTFPEAG
3cpl_E,ASNENAETM
3cqu_C,GRPRTTSFAE
3cqw_C,GRPRTTSFAE
3cqz_M,GIGCNP
3cs8_B,PSLLKKLLLAPA
3cto_3_III_E1,SAFTKSVDELREMAGG
3cto_8_III_E2,SAFTKSVDELREMAGG
3cto_9_III_E1,SAFTKSVDELREMAGG
3cu8_P,RSTSTPNVH
3cv0_B,NELSHL
3cvh_C,SIINFEKL
3cvl_B,ELAKL
3cvn_B,RAAKL
3cvp_B,NRASKL
3cvq_B,SNRWSKL
3cwd_C,ERHKILHRLLQEGSPS
3cxd_P,TWLNPDPSQ
3cxw_B,ARKRRRHPSG
3cy2_B,RKRRRHPSG
3cy3_B,RKRRRHPS
3cys_B,ALLVTGLVLA
3cyy_C,RPRPDDLEI
3czf_C,RRRWHRWRL
3d0l_C,LELDKWASLW
3d0v_C,LLELDKWAS
3d18_C,RRRWRRLTL
3d1e_P,GQLGLF
3d1f_P,SEQVELEFD
3d24_B,RPCSELLKYLTTN
3d25_C,VLHDDLLEA
3d2u_C,ALPHAILRL
3d32_D,DATYTWEHLAWP
3d39_C,LLFGPVYV
3d3t_P,GNFLQSRP
3d3v_C,LLFGPVYV
3d49_I,DFEEIPEEY
3d4b_D,TSRHKKLMA
3d7v_B,RPEIWIAQEARRIGDEANAYYAR
3d81_C,SRHKLMF
3d8a_W,VEPGDDF
3d8c_B,QLTSYDCEVNAPI
3d9k_Z,YSPTSPSYS
3d9l_Y,YSPTSPSYSP
3d9m_Z,PSYSPTSPS
3d9n_Y,PSYSPTSP
3d9o_Z,PSYSPTSPS
3d9p_Z,PSYSPTSP
3d9t_C,ATPFQ
3d9u_B,AVPIAQ
3da9_D,DFEEIPGEY
3dab_B,ETFSDLWKLLPE
3dac_P,ETFSDLWKLLPE
3dcg_F,NKVGSLQYLALAALIK
3dct_B,DHQLLRYLLDK
3dcu_B,DHQLLRYLLDK
3dd7_B,AEFASLFDTLDSTNKEMV
3dda_B,QRATKM
3ddb_B,RRATKM
3dep_B,YPGGSFDPLGLA
3dhk_I,DFEEIPEEY
3diw_C,QLAWFDTDL
3dks_F,PIPFLQK
3dkt_K,GGDLGIRK
3dm1_B,KVHRART
3dmm_P,RGPGRAFVTI
3dnd_I,TTYADFIASGRTGRRNAIHD
3dne_I,TTYADFIASGRTGRRNAIHD
3dow_B,DWDFLPP
3dpc_C,HATPPKKEAD
3dpo_C,KLYLPRPT
3dpp_D,KLYLPRPT
3dpq_H,KLYLPRPT
3dqb_B,ILENLKDCGLF
3dr1_B,RHKILHRLLQE
3drf_B,ASNSIASG
3drg_B,RPPGFSPFA
3drh_B,AAAAAA
3dri_B,AASASA
3drj_B,AHAKA
3drk_B,SFANG
3dro_P,LELDKWA
3drq_C,LELDKWAS
3drt_C,ELDKWA
3ds0_T,ITFEDLLDYYGP
3ds1_T,ITFEDLLDYYG
3ds3_C,ITFEDLLDYYGP
3ds4_T,ITFEDLLDYYGP
3ds9_B,RWTMLG
3dsf_P,LNPDPSQ
3dt0_I,DFEEIPEEY
3dtx_C,RRKWWHL
3dux_I,DFEEIPEEY
3dve_B,HMGKVYAALMIFDFYKQNKTSRD
3dvj_B,TVGKVYAALMIFDFYKQNKTS
3dvk_B,GHMGKIYAAMMIMDYYKQSKVKK
3dvm_B,HMGKIYAAMMIMEYYRQSKAKK
3dvp_C,PTRDVATSP
3dvu_C,GGTMENLSRRLKVTGDLFDIMSGQ
3dx6_C,EENLLDFVRF
3dx7_C,EENLLDFVRF
3dx8_C,EENLLDFVRF
3dxa_C,EENLLDFVRF
3dzu_1_III_E,KILHRLLQD
3dzu_1_III_F,KILHRLLQ
3e0m_E,SHMAEI
3e1k_B,LFNTTTMDDVYNYI
3e1r_C,QAQGPPYPTYPGY
3e2b_C,ATSAKATQTD
3e2h_Q,QLSPFPFDL
3e2u_E,RPYCEICEMFGHWATNCNDDETF
3e3q_Q,QLSPFPFDL
3e6f_P,IGPGRAFYA
3e6h_P,IGPGRAFYTI
3e6y_C,QSYTV
3e7c_H,ENALLRYLLDK
3e87_C,GRPRTTSFAE
3e88_C,GRPRTTSFAE
3e8c_G,TTYADFIASGRTGRRNAI
3e8d_C,GRPRTTSFAE
3e8e_G,TTYADFIASGRTGRRNAIHD
3e8u_P,GVQGSGAFGRG
3e94_B,HKILHRLLQD
3ecb_P,RGPGRAFVTI
3ech_C,RDYTEQLRRAARRNAWDLYGEHFY
3edq_E,LDESD
3efo_C,DVAIDMM
3eg1_C,APSYSPPPPP
3eg6_C,GSARAEVHL
3eg9_C,TTIPMD
3egd_D,TDIEMNR
3egk_I,DFEEIPEEY
3egs_C,ELDKWAS
3egx_D,ACEEEN
3eht_B,AHSNRKLMEII
3ehu_C,QLAQQAHSNRKLMEII
3ejh_E,VVGLPGQRGERGFPG
3emh_B,ARAEVH
3emw_B,DINNNNN
3eov_C,ALLVTGLVLA
3eq0_I,GDFEEIPEEY
3eqs_B,TSFAEYWNLLS
3eqy_C,TSFAEYWNLLSP
3er5_I,PHPFHVIHK
3erd_C,HKILHRLLQDSS
3ery_P,QLSPFPFDL
3esk_B,GPTIEEVD
3et1_P,SLTERHKILHRLLQE
3et3_P,HSSLTERHKILHRLLQ
3eu7_X,LGPISLNWFEELSS
3ewt_E,SKYITTIAGVMTLS
3ewv_E,ATLDALLAALRRIQRAD
3eyd_B,KGSVVIVGRIVLSGKPAIIPKK
3eyf_E,TIYNTTLKY
3eys_Q,EFRHD
3eyu_Q,EFRHEA
3f1i_1_III_C,QMGPLIDEKLEDIDRKHSELSELN
3f2o_C,DINNNNNIVEDVERKREF
3f58_P,SIGPGRAFGGG
3f68_I,DFEEIPEEY
3f7d_B,PSLLKKLLLA
3f9w_F,KRHRKVLR
3f9x_F,KRHRVLR
3f9y_E,KRHRVL
3f9z_F,KRHRKVLR
3fdl_B,MRPEIWIAQELRRIGDEFNAYYARR
3fdm_D,ARLKGDAFNR
3fdo_3_III_B1,LTFEHYWAQLTS
3fdo_3_III_B2,LTFEHYWAQLTS
3fdt_T,ARTKQTARS
3fe7_L,FMAWEL
3fea_L,FMAEL
3fei_Z,HQLLRYLL
3fej_B,HKLVQLLTTT
3ffc_C,FLRGRAYGL
3fg5_C,FLSYK
3fhv_C,SYDPDNKEER
3fjq_I,TTYADFIASGRTGRRNAIH
3fma_L,APPPGLS
3fn0_P,WNWFDITNK
3fol_P,VNDIFERI
3fom_P,IQQSIERI
3fon_P,VNDIFEAI
3fp2_Q,MEEVD
3fp4_Q,PTVEEVD
3fp7_I,RPDFCLEPPYTGPCK
3fqn_C,YLDSHSGA
3fqr_C,YLDSGIHSGA
3fqt_C,GLLGSPVRA
3fqu_C,GLLGSPVRA
3fqw_C,RVASPTSGV
3fqx_C,RVASPTSGV
3fs1_B,AALAALLAA
3ft2_P,VLDDLLEA
3ft3_P,VLHDDLLEA
3ft4_P,VLRDDLLEA
3ftg_C,ASAENMETM
3fug_B,HKILHRLLQA
3fur_H,TSHKLVQLLTTT
3fvh_B,LHSTA
3fwv_C,MEEVF
3fxv_B,KDHQLLRYLLDKD
3fxx_B,QWDNYEYIW
3fy2_B,WDNYEFIW
3g03_B,LTFEHYWAQLT
3g2s_C,GFSDDVPMVIA
3g2t_C,SDDVPMVIA
3g2u_C,SDEDLLE
3g2v_C,DDSDEDLLE
3g2w_C,LLDDELMSL
3g5v_C,CGADSYEMEEDGVRKC
3g5y_E,CGADSYEMEEDGVRKC
3g7l_P,KQTARS
3g8i_Z,HQLLRYLL
3g9e_B,HKLVQLLTTT
3gch_A,CGVPAIQPVLS
3gci_P,VGGVVIA
3gcm_D,GAAGGHTATHHASAAPARPQP
3gct_B,XPGAY
3gct_E,CGVPAIQPVLS
3gd2_B,AHQLLRYLLDA
3ggw_E,YLEDWIKYNNQ
3ggz_E,DDEKEDKLAQRLRALRG
3ghb_P,KGVRIGPGQA
3ghe_P,RKRIHIGPGRAFYAT
3giv_C,SLFNTVATLY
3gj9_C,RRESAI
3gjf_C,SLLMWITQV
3gjo_E,KPSKIPTPQRK
3gl6_B,ARTQTAR
3glr_B,RSGKVMR
3glt_B,SGVMR
3glw_Z,LVYTKQTQTTPPKETLV
3gm1_E,RELDELMASLS
3gme_D,GAAGGHTATHHASAAPARPQP
3gn8_C,NALLRYLLDKD
3go1_P,RKRIHIGPGRAFYT
3gof_C,RRREIRFRVLVKVVFF
3gp2_B,SFNARRKLKGAILTTMLATA
3gsn_P,NLVPMVATV
3gso_P,NLVPMVATV
3gsq_P,NLVPSVATV
3gsr_P,NLVPVVATV
3gsu_P,NLVPTVATV
3gsv_P,NLVPQVATV
3gsw_P,NLVPMVAAV
3gsx_P,NLVPMVAVV
3gv6_B,QTARS
3gxe_F,GLGMKGHRGF
3gxv_C,IKNASIKRKLFGLANTIREQAL
3gyt_B,KSLLQQLLTE
3gyu_B,KSLLQQLLTE
3gze_X,PSPSPS
3h0a_B,TSHKLVQLLTT
3h0t_C,HFPICIFCCGCCHRSKCGMCCK
3h11_C,AIETD
3h1z_P,YFPTDERSWVYSPLH
3h32_M,GHRPY
3h3g_B,KSIQDLRRRFFLHHLIAEIHTA
3h52_N,NLGLEDIIRKALMGS
3h5r_E,MRTGNA
3h6z_L,HRVLR
3h7b_C,MLWGYLQYV
3h85_P,SWVYSPLH
3h91_C,LATKAARS
3h9g_E,MRTGNA
3h9h_C,MLWGYLQYV
3h9q_E,MRTGN
3h9s_C,MLWGYLQYV
3hae_C,SLLMWITQV
3hat_I,DFEEIPEEYL
3hbv_Z,AKASQAA
3hc5_B,DHQLLRYLLDK
3hc6_B,DHQLLRYLLDK
3hcv_C,RRKWWHL
3hda_Z,AEAAQA
3hdi_C,AAAAAAAAAAAAAA
3hds_E,ASWSA
3hg1_C,ELAGIGILTV
3hgz_D,KCLANFL
3hik_B,PLHST
3hki_C,RNPNDKYEPFWEDEE
3hkj_C,NDKYEPFWE
3hlv_C,KILHRLLQD
3hm1_C,HKILHRLLQD
3hna_P,KQTARST
3hpj_C,RMFPNAPYL
3hqr_S,DLEMLAPYIPMDDDFQL
3hqu_S,MDDDFQL
3hr5_V,AQSQRAPDRV
3hs8_P,PNNWADFSSTWP
3hs9_P,NNWADFSSTWP
3hsv_M,DSTTEGTPADG
3huf_E,STTDE
3hxg_C,GRIIYDRKFLMECRN
3hxi_C,GRIIYDRKFLMECR
3hym_10_III_C,MLRRKPTRLELKLDDIEEFENIR
3hym_10_III_G,MLRRKPTRLELKLDDIEEFENIRKD
3hym_10_III_K,MLRRKPTRLELKLDDIEEFENIR
3hym_8_III_C,MLRRKPTRLELKLDDIEEFENIR
3hym_8_III_K,MLRRKPTRLELKLDDIEEFENIR
3i1h_B,GQVGRQLAIIGDDINR
3i5r_B,KRPLPPLPS
3i6g_C,GLMWLSYFV
3i6k_C,TLACFVLAAV
3i6l_F,QFKDNVILL
3i7h_B,ILPKVLHKRTLGLS
3i7k_B,NFVSWHANRQLGMP
3i7l_B,SIVRTLHQHKLGRA
3i7n_B,NITRDLIRRQIKE
3i7o_B,HLLWDVRKRSLGL
3i7p_B,SLVYYLKNREVRL
3i7z_B,DADEYL
3i89_B,SVVGFLSQRGLHG
3i8c_B,NASSMLRKSQLGF
3i8e_C,QALPALRERELGS
3i90_C,QLATKAARSA
3i91_C,QTARSTG
3ici_C,DWNEDMDGE
3idg_C,ALDKWD
3idi_C,ALDKW
3idj_C,ELDWAS
3idm_C,ELDWAS
3idn_C,ELDWAS
3iec_1_III_E,FPLKRHDKVDDLSK
3iet_X,GTKPPLEEL
3ifl_P,DAEFRHD
3ifn_P,AEFRHD
3ifo_P,AEFRHD
3ifp_P,AEFRHD
3iiy_B,ARSAGAA
3ij1_B,RHRVLR
3ik5_D,AYQQGQNQLYNELNL
3io8_B,PEIWIAQEFRRIGDEFNAYYARR
3io9_B,RPEIWIAQEYRRIGDEFNAYYAR
3ioz_B,AYQQGQNQLYNELNLG
3ipq_B,SLTERHKILHRLLQE
3ips_C,SLTERHKILHRLLQE
3ipu_C,SLTERHKILHRLLQE
3iqj_P,QRSTSTPN
3iqq_B,TKIDWNKIL
3iqu_P,QRSTST
3iqv_P,QRSTST
3isw_C,PLEKASVVSKLFFSWTAP
3iur_B,MTRSAF
3iux_B,CNCKAPETFLCYWRCLQ
3iwy_B,DWWPLAFEALLR
3ixa_C,LLFGYPVYV
3jb6_C,VQSRTDVFNEQFANEALHPMT
3jb7_1_III_C,VQSRTDVFNEQFANEALHPMT
3jb7_1_III_F,PTVVQSRTDVFNEQFA
3jc2_w,RLLLLLVVSNLLLCQGVVS
3jpv_B,KRRRHPS
3jpx_B,HRVLR
3jq5_B,DAEFRHDS
3jql_B,KLVFFA
3jr3_D,HKKLRF
3jrv_C,KSSFFSDRG
3jti_B,KGAIIGLM
3jts_C,GSENLKSLY
3jtt_C,YTSGPGIRY
3jwr_C,EAFNHLELHELAQYGII
3jxt_D,RTTPV
3jzo_P,LTFEHYWAQLTS
3jzp_P,LTFEHWWAQLTS
3jzq_P,ETFEHWWSQLLS
3jzr_P,LTFEHWWAQLTS
3jzs_P,ETFEHWWSQLLS
3k22_H,ENALLRYLLDK
3k23_D,ALLRYLLDK
3k27_B,TARSTG
3k2u_B,ACGRR
3k48_R,SGWCDPRWYDPFMCEH
3kee_E,KGSVVIVGRIVL
3kf2_C,GSVVIVGRIVLSGKPA
3kf9_B,KRRWKKNFIAVSAANRFKKISS
3kj0_B,GRPEIWYAQELRRIGDEFNAYYAR
3kj1_B,RPEIWAAQELRRIGDEFNAYYR
3kj2_B,RPEIWIAQELRRIGDEENAYYR
3kkv_I,TTYADFIASGRTGRRNAIHD
3kl4_B,GIILVLLIWGTVLLLKSIPHH
3kl8_D,KRPPKLGQIGRSKRVV
3kla_C,SLLMWITQL
3kmg_B,ERHKILHRLLQ
3kmr_C,HKILHRLLQE
3kmt_G,ARSAPAT
3kmz_C,RLITLADHICQIITQDFAR
3kn2_D,GSVVIVGRIVLSGKPA
3knx_B,KGSVVIVGRIVLSGKPAIIPKK
3kpl_C,EEYLQAFTY
3kpm_C,EEYLKAWTF
3kpn_C,EEYLQAFTY
3kpo_C,EEYLKAWTF
3kpp_C,EEYLQAFTY
3kpq_C,EEYLKAWTF
3kpr_C,EEYLKAWTF
3kps_C,EEYLQAFTY
3kqi_2_III_B1,ARTKQT
3kqi_2_III_B2,ARTKQT
3kti_H,FSPAA
3ktp_B,NWPPEFHPGVPWKGLQ
3ktr_B,TLNPNAKEFNPRSFSQ
3kui_B,RQLNVNAKPFVPN
3kuj_B,FVPNVHAAEFVPSFL
3kus_C,LNPNAKEFVPG
3kut_C,NLNPNAAEFVPGVKYG
3kv4_B,ARTQTARSTGGK
3kww_C,LPEPLPQGQLTAY
3kwy_B,HKILHRLLQD
3kxf_Q,LPEPLPQGQLTAY
3kyn_P,KGPPAALTL
3kyo_P,KLPAQFYIL
3kyt_C,KHKILHRLLQDS
3kz0_C,RPEIWAAQEIRRIGDENNAYYAR
3kze_D,SRKEYYA
3l03_C,HKILHRLLQDS
3l0e_B,KENALLRYLLDK
3l0j_C,KILHRLLQDS
3l0l_C,EKHKILHRLLQDS
3l35_H,KGHPCDYPEWQWLCEL
3l36_H,KHPCDYPEWQWLCEL
3l37_H,KGHPCDYPEWQWLCEL
3l3d_C,EEAGRAFSF
3l3g_C,EEFGAAFSF
3l3h_C,SSLENARAYV
3l3i_C,EEFGRAASF
3l3j_C,EEAGAAFSF
3l3k_C,EEFGAAASF
3l3q_B,PFKKKRREA
3l3x_B,HKKLLQLLTCSS
3l3z_B,NALLRYLLDRDD
3l41_B,KPSQEL
3l6f_C,APPAYEKLSAEQSPP
3l6x_B,DEEGGGEEDQDFDLSQLH
3l6y_B,DEEGGGEEDQDFDLSQLH
3l81_B,TYKFFEQ
3l9l_C,TTYADFIASGRTGRRNAIH
3l9m_C,TTYADFIASGRTGRRNAIH
3l9n_C,TTYADFIASGRTGRRNAIH
3lcn_C,TASKMKLLKKKIEEQREILQKTHHK
3ldx_I,DFEEIPEEYLQ
3lex_P,LLELDKWA
3ley_P,LLELDKWA
3lge_E,WDEDWDG
3liy_K,APQVVMH
3lkn_C,LPFERATIM
3lko_C,LPFDRTTIM
3lkp_C,LPFDKSTIM
3lkq_C,LPFDKTTIM
3lkr_C,LPFERATVM
3lks_C,LPFEKSTVM
3ll8_E,EPIAIIITDTE
3lly_B,GRNGKSQSIIVGPWGD
3llz_B,NGKSQSIIVGPWGD
3lm1_B,RNGKSQSIIVGPWGD
3lmp_C,RHKILHRLLQE
3ln4_C,AEMYPSPL
3ln5_C,HEEAVSVDRVL
3lnj_B,WYALEKLLR
3lny_B,EQVSAV
3lnz_B,TSFAEYWALLS
3lon_B,KGSVVIVGRIVLSGKPAIIPKK
3lox_B,KGSVVIVGRIVLSGKPAIIPKK
3lqi_R,ARTQT
3lqj_Q,ARTQT
3lrh_B,EKLMKAFESLKSFQ
3lu9_C,ATNATLDPRSFLLRNPNDKYEPFWE
3lv3_C,SRRWRRWNR
3lw1_P,FKTEGPD
3m1f_V,SCNEDHSKLMEQIRQGVKLKSA
3m4c_E,KTTCNACHQ
3m53_B,SKSKDRKY
3m54_B,SKSKDRKY
3m55_B,SKSDRK
3m56_B,SKSDR
3m57_B,SKSKDRKY
3m58_B,SKSDRKY
3m59_B,SKSDRKY
3m5a_B,SKSDRKY
3m5o_C,TEDVVCC
3m61_P,CSARGLENHRMC
3m93_C,RIIYDRKFLMECR
3m94_C,RIIYDRKFLMECR
3ma3_B,KRRRHPS
3maz_B,NSYENVLIAK
3mbe_P,GAMKRHGLDNYRGYSLG
3me9_C,ARTQTAR
3met_C,ARTQTAR
3mgo_C,RLYQNPTTYI
3mgt_C,KLYQNPTTYI
3mhr_P,RAHSSPASLQ
3mim_X,ETYVD
3mk4_B,ADRELEELLESALDDFD
3mk8_B,ALETLRRVGDGVRNHTA
3ml4_E,LHPNPMYQR
3mlr_P,TKKGIAIGPGRTLY
3mls_P,ACQAFYASSPRKSIHIGACA
3mlt_P,TRKSIHLGPGRAFY
3mlu_P,TRKSIRIGPGQAFY
3mlv_P,RKRIRVGPGQTVY
3mlw_P,KRKRIHIGPGRAFYTTK
3mlx_P,KRIHIGPGRAFYTT
3mly_P,SIKIRPRQAFYA
3mlz_P,TRKGIHIGPGRAFYATGQITGD
3mmg_C,ETVRFQS
3mn5_S,PSPREQLMESIRKGKELKQI
3mne_B,ENALLRYLLD
3mno_B,ENALLRYLLD
3mnp_B,ENALLRYLLD
3mnw_P,QEKNEQELLELDKWASLWN
3mnz_P,NAQELLELDKWASLWN
3mo8_B,PATGGVKPHRY
3moa_P,ELLELDKWASLW
3mob_P,LLELDKWASLW
3mod_P,LLELDKWASLW
3mpj_Y,KGHHHHHH
3mqp_B,AELEVECATQLRRFGDKLNFRQKLL
3mqs_D,SQPSTSS
3mr9_P,NLVPAVATV
3mrb_P,NLVPMVHTV
3mrc_P,NLVPMCATV
3mrd_P,NLVPMGATV
3mre_P,GLCTLVAML
3mrf_P,GLCPLVAML
3mrg_P,CINGVCWTV
3mrh_P,CISGVCWTV
3mri_P,CINMWCWTV
3mrj_P,CINGMCWTV
3mrk_P,PLFQVPEPV
3mrl_P,CINGVVWTV
3mrm_P,KLVALGINAV
3mrn_P,LLFNILGGWV
3mro_P,ELAGWGILTV
3mrp_P,ELAGLGINTV
3mrq_P,ELAGLGINTV
3mrr_P,LLAGIGTVPI
3mt6_o,FSPAA
3muk_D,ATAARK
3mv5_C,GRPRTTSFAE
3mv7_C,HPVGEADYFEY
3mv8_C,HPVGEADYFEY
3mv9_C,HPVGEADYFEY
3mvh_B,GRPRTTSFAE
3mvj_J,TTYADFIASGRTGRRNAIHD
3myj_C,YMFPNAPYL
3n00_B,THRLITLADHICQIITQDFAR
3n2d_B,SDDDMG
3n3x_B,SDDDMG
3n55_B,PQIINRP
3n5e_D,LSCQLYQR
3n5u_C,KKLRFDI
3n84_G,YVNVP
3n93_C,NLRAQAAANAHLMAQI
3n95_E,AAREQATTNARILARV
3n96_F,SQRERAEQNRIIFDSV
3n96_G,RERAEQNRIIFDSV
3n9l_B,ARTQT
3n9n_B,ARTQT
3n9o_B,ARTQT
3n9o_C,KQTARST
3n9p_B,ARTQT
3n9q_B,ARTQT
3n9q_C,KAARSAP
3na1_2_III_D,ACEGTLACSTCEENDMLDLALGCQ
3nf3_C,RRFAAMLA
3nfk_C,SWESHKSGGETRL
3nfl_E,IESDV
3nfn_C,RYPLTFGWCF
3njf_B,PQIINRP
3njg_B,PQIINRP
3nji_B,PQIINRP
3njj_B,PQIINRP
3njn_B,PAIINRPQ
3nk3_C,VAADVVIGPVLLSADHHHHHH
3nk4_C,EVAADVVIGPVLLSADHHHHHH
3nkx_P,RSTSTPNVH
3nmx_D,GGGEQLAINELIS
3nth_C,ARGGR
3nti_C,RGRGGR
3ntw_B,KLSVNAPEFYPS
3nx8_B,TTYADFIASGRTGRRNAI
3o0e_L,SGGDGRGHNTGAHST
3o17_F,PKRPTTLNLF
3o1d_B,KHKILHRLLQ
3o1e_B,KHKILHRLLQ
3o2b_B,FRSKGEELFT
3o2h_B,LVKSKATNLLY
3o2m_F,PKRPTTLNLF
3o34_B,TKAARKSAPATY
3o35_E,ARKSA
3o37_E,ARTKQTARKS
3o3a_C,LALTV
3o3b_C,ELALTV
3o3d_C,ELALTV
3o3e_C,LALTV
3o41_P,KNRGIIKTFS
3o45_P,KNRGIIKTFSNG
3o4l_C,GLCTLVAML
3o6l_C,EPVDPKLEPWKHPGS
3o6m_C,PKLEPWKHP
3o71_B,RPPDLWIH
3o7a_B,ARTQT
3o7l_I,VQYLTRSAIRRASTI
3o8i_B,RSTSTPNV
3oa6_1_III_G,HRKVL
3oap_B,KHKILHRLLQD
3ob1_A,RNTNEYTEGP
3ob2_A,SFLQRYSSDPT
3obq_B,PTPSAPVPL
3obu_B,PEPTAPPEE
3obx_B,PEATAPPEE
3ocb_C,GRPRTTSFAE
3odi_B,ALLVGLVLA
3odl_B,ALLVGLVLA
3oe0_I,RRCYQKPPYRCRGP
3ogk_Q,RRASLHRFLEKRK
3ogl_Q,ELPIARRASLHRFLEKRK
3ogm_Q,ELPIARRASLHRFLEKRK
3okh_B,HQLLRYLLDK
3oki_B,DHQLLRYLLDKD
3olf_B,DHQLLRYLLDK
3oll_C,RHKILHRLLQ
3olr_E,YGEEYDDLY
3ols_C,RHKILHRLLQ
3omc_C,GARARA
3omg_C,GRAGQ
3omh_E,DGEEYDDPF
3omk_B,KDHQLLRYLLDK
3omm_B,KDHQLLRYLLDKD
3omo_C,RHKILHRLLQ
3omp_C,RHKILHRLLQ
3omq_C,RHKILHRLLQ
3oof_B,DHQLLRYLLDKD
3oog_B,TTYADFIASGRTGRRNAI
3ook_B,DHQLLRYLLDKD
3op0_C,LQRYSSDPTG
3oqs_B,VAKKYRN
3oqy_b,KETAAAKERQHMDS
3oqz_a,KETAAAKERQHMDS
3or0_a,ETAAAKFERQHDS
3os5_B,TPRRSSA
3osz_B,KGEADALSLD
3otp_G,WVSAAGILQI
3ots_P,QNYPIVQ
3oty_P,ETFYVDG
3ou1_P,KVLFLDG
3ou3_C,LNFPISP
3ou4_C,FNFPQIT
3oua_P,GNFLQSR
3oub_P,QVNFLGK
3ouc_P,TIMMQRG
3oud_P,RVLFEAM
3ovv_B,TTYADFIASGRTGRRNAIHD
3ow3_B,TTYADFIASGRTGRRNAIH
3ow4_C,GRPRTTSFAE
3owp_B,TTYADFIASGRTGRRNAIH
3owt_C,KMIDFATLSKLKKKYQIILD
3ox7_P,GACSWRGLENHAMC
3ox8_C,FLPSDFFPSV
3oxi_J,PKRPTTLNLF
3oxr_C,FLPSDFFPSV
3oxs_C,FLPSDFFPSV
3oxt_B,TTYADFIASGRTGRRNAI
3oy5_P,DGACSWRGLENHAMC
3oy6_P,DGACSWRGLENHRMC
3oyp_C,GSVVIVGRIILS
3ozj_B,HKILHRLLQD
3p0m_B,TTYADFIASGRTGRRNAIH
3p17_I,DFEEIPEEYL
3p1n_P,KRRKSV
3p1o_P,KRRKSV
3p1p_P,KRRKSV
3p1q_P,KRRKSV
3p1r_P,KRRKSV
3p1s_P,KRRKSV
3p2z_B,PLHSTA
3p34_B,MQSTPL
3p35_D,MQSSPL
3p36_B,PPLHSTA
3p37_E,FDPPLHSTA
3p3n_B,RLLEASADAN
3p3p_B,LEDLINSHADVNA
3p4f_B,EEVDVTSVY
3p4k_P,AADLRISCNSK
3p4m_F,YTVKYPNL
3p4n_F,YTVKFPNM
3p4o_F,YTAKYPNL
3p72_B,CTERMALHNLC
3p87_G,KSGMKSIDTFF
3p88_B,DHQLLRYLLDK
3p89_B,DHQLLRYLLDK
3p8f_I,GRCTKSIPPICFPD
3p8n_C,KGSVVIVGRIILS
3p8o_C,KGSVVIVGRIILS
3p9g_B,PETAPPEE
3p9h_B,PETAPPEE
3p9l_F,SIINFEKL
3p9m_F,SIIGFEKL
3p9y_E,TSPSYS
3pab_F,EIINFEKL
3pcs_E,AVLDVLKFYDSNTV
3pcu_B,HKILHRLLQD
3pdh_D,KGQSTSRHKLMF
3pdo_C,PVSKMRMATPLLMQALP
3pe4_B,YPGGSTPVSSANMM
3pfv_C,LQRYSSDPTG
3pgc_C,KMRMATPLLMQALPM
3pgd_C,KMRMATPLLMQALPM
3pkn_B,LNPNAKVWQEI
3plu_C,LSIEETNEIREKLGMKPI
3plv_C,SLSIEETNELRASLGLKLIPP
3plx_A,AMNITLLKSKIHRASVTEARLDYIG
3plz_C,KENALLRYLLDK
3pmp_C,ALLVTGLVLA
3po1_D,DFEEIPGEYL
3poa_B,TAPTEKI
3poo_B,TTYADFIASGRTGRRNAIH
3pp4_P,IYNCEPANPSEKNSPSTQYCYSIQ
3pqr_B,ILENLKDVGLF
3pqy_C,SSLENFRAYV
3pqz_L,WFEGYDNTFPC
3ptg_J,PKRPTTLNLF
3pth_B,ELNPNAEVWGAPVLH
3ptl_B,KGEADALSLD
3puj_C,RDRTHELRQ
3puk_C,MRDRTHELR
3pvl_1_III_B,SLFTRPGLGTMVFRRN
3pwj_C,LLYGFVNYV
3pwl_C,LGYGFVNYI
3pwn_C,LLYGFVNYI
3pwp_C,LGYGFVNYI
3pwu_C,IPAYGVLTI
3pwv_C,IPAYGVLTI
3pxe_E,STSPTFN
3q1i_E,PPPMSSM
3q47_C,NPISDVD
3q49_C,PTIEEVD
3q4a_C,PISSVS
3q4j_I,QLDLF
3q5u_B,GSIIRKWN
3q6s_F,TNVSLYPVVKIRRLSL
3q75_G,TKCVVM
3q78_D,PTASACNIQ
3q79_P,PTASACNIQ
3q95_C,KHKILHRLLQD
3qal_I,TTYADFIASGRTGRRNAI
3qam_I,TTYADFIASGRTGRRNAIH
3qbr_B,STMGQVGRQLAIIGDDINRRYDSE
3qdg_C,ELAGIGILTV
3qdj_C,AAGIGILTV
3qdm_C,ELAGIGILTV
3qdz_E,TPSILPAPR
3qe0_F,TWYDFL
3qeq_C,AAGIGILTV
3qf9_B,RKRRRHPSG
3qfd_C,AAGIGILTV
3qfj_C,LLFGFPVYV
3qg6_D,STCYFIM
3qgl_F,ESESKV
3qhr_K,PKTPKKAKKL
3qhw_J,PKTPKKAKKL
3qib_P,ADLIAYLKQATKG
3qis_B,PFARLHECYGQEI
3qiu_E,ADLIAYLKQATKG
3qiw_E,ADLIAYLEQATKG
3qjm_C,DETNL
3qjn_I,DETNL
3qkk_C,GRPRTTSFAE
3qkl_C,GRPRTTSFAE
3qks_C,EFELKIIDILDFDYIIKLITE
3ql9_C,ARTKQTARS
3qla_C,ARTKQTARS
3qlc_C,ARTKQTA
3qn7_B,ACSRYEVDCRGRGSAC
3qnj_C,KPPYLPRP
3qo2_P,ARTKQTARSTGGKA
3qq3_C,NSDTVGWSW
3qq4_C,ATAAATEAY
3qrx_B,IGAVLKVLTTGLPALISWIK
3qt0_C,ERHKILHRLLQE
3qto_I,DFEEIPEEYLQ
3qtv_I,GDFEEIPEEYLQ
3quk_C,KAVANFATM
3qul_C,KAVSNFATM
3qwc_I,DFEEIPEEYLQ
3qx5_I,DFEEIPEEYLQ
3qxa_C,VSKMRMATPLLMQA
3qxd_C,PVSKMRMATPLLMQ
3qzs_C,GAKRHRKV
3qzt_B,GAKRHR
3qzv_C,GKGLGK
3qzw_C,RYPLTFGWCF
3r0h_a,ALRNGQYWV
3r0l_C,NCQQPC
3r1r_D,SEVDTDDLSNFQL
3r29_C,TNMGLEAIIRKALMGK
3r2a_E,NMGLEAI
3r42_B,QVPSDPYN
3r5j_E,ADVAD
3r5m_B,HKILHRLLQD
3r6g_E,VDVAD
3r6l_E,VDVAD
3r7g_B,YKIKPRHDSGIKAKISMKT
3r85_E,EQLLTLASILREDGKVFDEK
3r93_E,KQTARSTGGKA
3r9i_E,NTANIAKERLQIIV
3rbq_G,GAGASAE
3rc0_P,ETFKSI
3rc4_B,PSSTPC
3rc5_B,QEREVPC
3rce_B,GDQNATG
3rdv_E,DSWKDGCY
3rew_C,CLGGLLTMV
3rf3_C,TRETIFEASKKVTNSLSNLISLI
3rfr_D,AAAAAAAAAAAAAAAAAAA
3rgv_E,WIYVYRPMGCGGS
3rig_C,TARST
3riy_D,TARSTGG
3rl1_C,AIFQSSMTK
3rl2_C,QVPLRPMTYK
3rl7_G,SYLVTSV
3rl8_F,YLVTSV
3rlw_I,DFEEIPEEYLQ
3rly_I,DFEEIPEEYLQ
3rm0_I,DFEEIPEEYLQ
3rm1_B,TKIDWNKIL
3rm2_I,DFEEIPEEYLQ
3rml_I,DFEEIPEEYLQ
3rmm_I,DFEEIPEEYLQ
3rmn_I,DFEEIPEEYLQ
3rmo_I,DFEEIPEEYLQ
3ro2_B,FYMGTCQDEPEQLDDWNRIAEL
3ro3_B,QVDSVQRWMEDLKLMTE
3rof_B,HHHHHGS
3rol_E,AVNFATM
3roo_E,AVYNFATM
3rqe_E,DALLADLEST
3rqf_E,SELDRLLLELN
3rqg_E,ATRELDELMASL
3rrb_B,AWLFEA
3rre_B,AAWLFEA
3rrf_B,AAWLFEA
3rrj_B,AWLFEA
3rs8_B,AWLFEA
3rs9_B,AWLFEA
3rsf_B,AAWLFEA
3rsg_B,AWLFEA
3rsq_B,AWLFEA
3rss_B,APAWLFEA
3rt7_B,AAWLFEA
3rt9_B,AWLFEA
3rta_B,AAWLFEA
3rtb_B,AWLFEA
3rtc_B,APAWLFEA
3rtd_B,AAWLFEA
3rte_B,PAWLFEA
3rtg_B,AAWLFEA
3rtx_2_III_C,SPSYSPTSPSYSP
3rtx_3_III_C,SPSYSPTSPSYSP
3ru2_B,AWLFEA
3ru3_B,AWLFEA
3ru4_C,CGVPAIQPVLS
3rut_B,DHQLLRYLLDK
3ruu_B,DHQLLRYLLDK
3rvf_B,DHQLLRYLLDK
3rwc_C,IRYPKTFGW
3rwd_C,IRYPKTFGWLW
3rwe_C,FQWMGYELW
3rwf_C,QTSQWDDPW
3rwg_C,MHPAQTSQW
3rwh_C,MRHVLEPF
3rwi_C,GSHLEVQGYW
3rwj_C,HLEVQGYW
3rya_B,SLSQLSSQS
3ryb_B,SLSQSLSQS
3rz2_C,SLIPPKYIT
3rz9_B,DGPTAKKLKTEQ
3rzx_B,NEGSGSKRPKVE
3s1t_1_III_C2,EATVYAGTGRL
3s4s_C,PKYVKQNTLKLAT
3s5l_C,PKYVKQNTLKLAT
3s6n_M,TALIKAYDKAVASFK
3s6p_3_III_D1,FAAAVSAFAANMLSSVLKSEATSS
3s6p_3_III_D2,FAAAVSAFAANMLSSVLKSEATSS
3s6p_3_III_D3,FAAAVSAFAANMLSSVLKSEATSS
3s6p_3_III_D4,FAAAVSAFAANMLSSVLKSEATSS
3s6p_3_III_D5,FAAAVSAFAANMLSSVLKSEATSS
3s6p_5_III_D,FAAAVSAFAANMLSSVLKSEATSS
3s7f_I,LKSKKG
3s9c_B,IAAWYLR
3s9s_B,RHKILHRLLQ
3sem_C,PPPVGPR
3sfj_B,ANSRWPTSII
3sge_K,EEEDDDMGFGL
3sha_I,DFEEIPEEYLQ
3shb_B,ARTKQTA
3shc_I,GDFEEIPEEYL
3shv_C,QASQEY
3shw_B,GKTSVWI
3si3_I,DFEEIPEEYLQ
3si4_I,DFEEIPEEYLQ
3si5_X,SSENKIDFNDFIKRLKTG
3sj9_B,GLRQAVTQ
3sjk_B,KPVLRTA
3sjv_C,FLRGRAYGL
3skm_C,FLRGRAYVL
3sko_C,FLRGRAYGL
3sl9_4_III_H,SQEQLEHRERSLQTLRDIQR
3smk_P,KRRKSV
3sml_P,RRKSV
3smm_P,KRRKSV
3smn_P,KRRKSV
3smo_P,KRRKSV
3so6_Q,SINFDNPVYQKTT
3soq_Z,NSNAIKN
3sou_D,ARTKQTAR
3sov_Z,LPNAIGR
3sow_C,ARTQT
3sp5_P,KRRKSV
3sp6_B,LSLLQKLLLAT
3spr_P,KRRKSV
3spv_C,RAKFKQLL
3sqd_C,KKATQASQEY
3sri_B,KDIGAGPVASCFTTRMSPPQQICLN
3srj_C,VFAEFLPLFSKFGSRMHI
3srn_B,PYVPVHFNASV
3sui_B,GRNWKNFALVPLLRD
3sv1_D,QNGYENPTYKFFEQ
3sv2_I,DFEEIPEEYLQ
3svm_P,YEPSTTARVGR
3sw9_P,TARKV
3swc_P,TARVGRPG
3syn_E,YDQAATLRAKMEKRER
3szm_I,QASQEY
3t03_C,HKILHRLL
3t5f_I,DFEEIPEEYLQ
3t6b_C,VVYPW
3t6j_B,VVYPW
3t7g_C,DIDELIQDMEIK
3t7k_C,ASQEL
3tax_B,YPGGSTPVSSANMM
3tbh_B,DGSGI
3tbs_C,KAPANFATM
3tbt_C,KAPSNFATM
3tbv_I,KGPANFATM
3tbw_I,KGPSNFATM
3tby_C,KAPFNFATM
3tdi_D,MLKLRQLQKKKQ
3tdz_E,MIKLSLKQK
3tei_B,PQLKPIESSILAQRRVR
3tf7_B,QLSPFPFDL
3tfk_B,QLSDVPMDL
3tg5_B,HLKSKKGQ
3thk_C,PPPVPP
3tid_C,AVYNFATM
3tie_C,AIVNYANL
3tiw_C,VTLRRRMLAAAAERRLQK
3tj6_B,DDIYNKAREVINAVNPVIEALEK
3tjh_B,SPLDSLWWI
3tjv_B,PTSYAGDDS
3tkz_P,VIYFVPL
3tl0_B,LNYAQLW
3tmh_1_III_H1,KMIVSDVMQQAQYDQPLEKSTKL
3tmh_1_III_H2,KMIVSDVMQQAQYDQPLEKSTKL
3to2_C,LACFVLAAV
3tod_B,LEACAF
3tpu_J,FLSPFWFDI
3tpx_B,AWYAEKLLR
3tsz_B,EFKQTSSFLV
3tu7_I,DFEEIPEEYLQ
3twr_E,LQRSPPDGQSFRS
3tws_E,HLQRGCADGQSFRS
3twt_E,QRPPPIGQSFRS
3twu_B,VARPPPIGAEVP
3twv_E,QRTQPDGQSFRS
3tww_C,QRQSPDGQSFRS
3twx_C,QRESPDGQSFRS
3tz1_B,GLSPEKKKMLKKLIMQKAAEDLAN
3tzd_T,YPVKKKARSAG
3tzw_D,DKENFWGMAV
3tzx_D,KENFWGMAV
3tzy_D,DKENFWGMAV
3u0t_E,AIIGLMVGGVV
3u23_B,QPPVPPPRKKRIS
3u31_B,TARST
3u3d_B,TARSTG
3u3f_E,SATRELDELMASL
3u4s_C,ARSCGGK
3u5n_C,ARTKQTARS
3u5o_I,ARTKQTARSTGGKAPRKQL
3u5p_I,ARTKQTARSTGGKAPRK
3u72_B,LEACAF
3u7d_B,SRRRDYF
3u7x_C,TRIIYDRKFLMECR
3u85_B,SRWRFPARP
3u86_B,RLFPGAPPTAKK
3u8q_B,LEACAF
3u98_I,DFEEIPEEYLQ
3u9a_I,DFEEIPEEYLQ
3u9q_B,SLLKKLLLA
3ua7_E,APPIPPPR
3ual_P,RSFSEPFG
3uat_B,RRHSMENLELMKLTP
3ubw_P,RSFSEPF
3ued_B,ARTKQT
3uee_B,ARTKQ
3uef_B,ARTKQ
3ueo_F,DSDTDVEE
3ugw_B,LEACAF
3ui2_B,QKAPPGTARRKRK
3uig_P,ARTKQ
3uji_P,YNKRKRIHIGPGRAFYTT
3ujj_P,TRKSIRIGPGQAFYATG
3uk4_B,LEACAF
3ukw_C,PRKRPLEWDEDEEPPRKRKRLW
3ukx_C,RRRKRKREWDDDDDPPKKRRRLD
3uky_C,NRKRRGMPKRQRIP
3ukz_C,MSRRRHSYENDGGQPHKRRKTSD
3ul0_C,MSRRRHSDENDGGQPHKRRKTSD
3ul1_A,SAVKRPAATKKAGQAKKKKLD
3ulr_C,SSVVPYLPRLPIL
3um0_B,TKNKDGVLVDEFGLPQIP
3um1_1_III_B1,TKNKDGVLVDEFGLPQI
3um1_1_III_D2,TKNKDGVLVDEFGLPQI
3um2_B,TKNKDGVLVDEFGLPQI
3unn_B,MEDTQAID
3uo1_P,EPQAPWMEQ
3uot_D,EDTQMIDW
3up0_P,ENALLRYLLDKDD
3up3_P,NALLRYLLDKDDT
3upr_P,HSITYLLPV
3upv_B,PTVEEVD
3uq3_B,MEEVD
3uri_B,PHLSAH
3url_B,HSLFHTP
3usd_B,LEACAF
3utq_C,ALWGPDPAAA
3uts_C,ALWGPDPAAA
3utt_C,ALWGPDPAAA
3utu_I,DFEEIPEEY
3uu7_F,KILHRLLQE
3uua_F,KILHRLLQE
3uud_C,KILHRLLQE
3uvk_B,GCARSEPKILT
3uvl_B,GSARAEPKM
3uvm_B,GAARAEVYLR
3uvn_B,GSARSEGYY
3uvo_B,CARSEGFYT
3uvu_B,SAKRKEPEPKGSTKKKAKT
3uvw_B,SGRGKGGKGLGY
3uvx_B,GKGGAKR
3uvy_B,AKRHRKVLRD
3uwj_I,DFEEIPEEYLQ
3ux0_P,KRRKSV
3uxg_B,PLYTSPSLPNITLGLP
3uyr_P,EPQAPWME
3uzd_B,SPSLPNITL
3v2o_B,LPTLPKLPSLS
3v2x_B,LLPTLPKLPSL
3v30_B,TLVSMPPLPGLDLKGS
3v31_B,LPLYTSPSLPNITLGLP
3v3b_D,QTFNLWRLLQN
3v3v_B,PKRPTTLNLF
3v43_Q,ARTKQTA
3v49_B,GAFQNLFQSVR
3v4a_B,GAFQNLFQSVR
3v4u_P,EPQAPWME
3v52_P,EPQAPWME
3v56_G,CHWDLLVRHWVC
3v5a_B,LEACAF
3v5d_C,KVAELVHFL
3v5h_C,KVAEIVHFL
3v5k_C,KVAELVWFL
3v62_1_III_C,SQMDIFSQLSRAKKGEIIVID
3v7d_E,FNGLTSPQRS
3v9t_C,SLLKKLLLAP
3v9v_C,PSLLKKLLLAP
3v9y_B,RHKILHRLLQE
3va4_C,VSTQELYS
3vcl_C,RPHERNGFTVL
3vdf_B,LEACAF
3ve6_B,EGPSAKKPKKEA
3vfm_C,LPEPLPQGQLTAY
3vfn_C,LPEPLPQGQLTAY
3vfo_C,LPEPLPQGQLTAY
3vfp_C,LPEPLPQGQLTAY
3vfr_C,LPEALPQGQLTAY
3vfs_C,LPEPAPQGQLTAY
3vft_C,LPEPLAQGQLTAY
3vfu_C,LPEPLPAGQLTAY
3vfv_C,LPEPLPQGALTAY
3vfw_C,LPEPLPQGQATAY
3vgc_A,CGVPAIQPVL
3vh8_C,LSSPVTKSF
3vi1_C,RPKPQQ
3viv_C,NVIVLMLP
3vj6_P,AMAPRTLLL
3vjs_C,NHPMLMNLLK
3vjt_C,NHPMLMNLLK
3vn2_C,RHKILHRLLQE
3vqh_B,TTYADFIASGRTGRRNAIHD
3vqm_O,VIKIE
3vri_C,RVAQLEQVYI
3vrj_C,LTTKLTNTNI
3vro_B,NEYTA
3vrp_B,QRYSSDPT
3vrr_C,QRYSSDPT
3vrt_C,NHPMLMNLLK
3vru_C,NHPMLMNLLK
3vrv_C,NHPMLMNLLK
3vrw_C,NHPMLMNLLK
3vt3_C,KNHPMLMNLLK
3vt4_C,KNHPMLMNLLK
3vt5_C,KNHPMLMNLLK
3vt6_C,KNHPMLMNLLK
3vt7_C,KNHPMLMNLLK
3vt8_C,KNHPMLMNLLK
3vt9_C,KNHPMLMNLLK
3vtb_B,KNHPMLMNLLK
3vtc_B,KNHPMLMNLLK
3vtd_B,KNHPMLMNLLK
3vud_F,PKRPTTLNLF
3vug_F,PKRPTTLNLF
3vuh_F,PKRPTTLNLF
3vui_F,PKRPTTLNLF
3vuk_F,PKRPTTLNLF
3vul_F,PKRPTTLNLF
3vum_F,RPKRPTTLNLF
3vvr_B,FVYSAVCAAAA
3vvs_B,FVYSAVCLYV
3vxe_J,DFEEIPEEYL
3vxf_J,DFEEIPEEYL
3vxm_C,RFPLTFGWCF
3vxn_C,RYPLTFGWCF
3vxo_C,RFPLTFGWCF
3vxp_C,RYPLTLGWCF
3vxr_C,RYPLTFGWCF
3vxs_C,RYPLTLGWCF
3vxu_C,RFPLTFGWCF
3vxw_B,SWQAIQ
3w0g_C,KNHPMLMNLLKD
3w0h_C,NHPMLMNLLKD
3w0i_C,KNHPMLMNLLKD
3w0j_C,NHPMLMNLLKD
3w0w_C,RFPLTFGWCF
3w11_F,FEDYLHNVVFV
3w1b_B,VPQWEVFFKR
3w1g_B,VPQWEVFFKR
3w1s_B,DSMDDLLIRRLTDRNDKEAHLNELF
3w39_C,TAFTIPSI
3w3x_B,ANKVTKNKSN
3w3y_B,FKVSKNST
3w5p_C,KNHPMLMNLLK
3w5q_C,KNHPMLMNLLK
3w5r_C,KNHPMLMNLLK
3w5t_C,KNHPMLMNLLK
3w6k_A,RALLFTKPPSDLSAY
3w8j_C,EVCPAG
3wbn_B,AFTFRYSPSLYTWFLFPCG
3wdz_B,KEVDPSTGELQ
3wg5_C,NVIVLMLP
3wgx_C,HGEVCPA
3wim_B,DEKDGFIFVNYS
3wl9_C,NYTPGPGIRF
3wlb_C,NYTPGPGTRF
3wmg_B,WLDQIVWFNAPGDLHLC
3wn7_B,MDLIDILWRQDIDLGVSREVFDFS
3woo_C,VYIHP
3wop_C,VYIHP
3woq_C,VYIHPF
3wor_C,DRVYIH
3wp0_B,LSRVKSLKKSLRQSF
3wp1_A,KKSLRQSFRRMR
3ws3_E,YQLENYCGL
3ws6_E,YAIENYLEL
3wsr_C,AEDDVVTPGC
3wsy_C,LPQDRGFLVVQ
3wsz_C,AAAAAAA
3wt5_C,KNHPMLMNLLK
3wt6_C,KNHPMLMNLLK
3wt7_C,KNHPMLMNLLK
3wtq_C,KNHPMLMNLLK
3wut_C,LAVGPPSLNYIPP
3wuu_C,DLAVGPPSLNYPGY
3wuv_C,QAQGPPYPTYIPP
3wuw_C,LSSPVTKSF
3wv0_X,GPATPAP
3wxa_C,NPPPPGFIMHGN
3x11_C,LSSPVTKSF
3x12_C,LSSPVTKSF
3x13_C,FLRGRAYGL
3x14_C,FLRGRAYGL
3x23_B,GTPRRLLYCQR
3x2u_S,TTYADFIASGRTGRRASIHD
3x2v_S,TTYADFIASGRTGRRASIHD
3x2w_S,TTYADFIASGRTGRRASIHD
3zdf_C,TSFQQYCDDNPDAAECRIYDD
3zdi_B,EPQKFAEELIHRLEAVQ
3zdy_I,GRGDSP
3zdz_I,GRGDSP
3ze0_I,GRGDSP
3ze1_I,GRGDSP
3ze2_I,GRGDSP
3zev_D,GGRRPYIL
3zfw_X,TNLEWDDSAIT
3zg6_F,KQTARSTGGWW
3zgc_C,GDEETGE
3zhf_B,PDWDFN
3zil_B,QNRERLQLLEE
3zin_B,SRGQKRSFSKAFG
3zio_B,RKRGYSVAF
3zip_B,RKRTWRDAF
3ziq_B,RKRKFS
3zir_B,RQRKRKWSEAF
3zke_B,VGMHSKGTQTA
3zkf_F,VGMHSKGTQT
3zmq_C,EAQQP
3zmt_C,PRSFLV
3zmu_C,PKSFLV
3zmv_C,PLSFLV
3zmz_C,PRSFAV
3zn0_C,PRSFAA
3zn1_C,PRLYLV
3zni_B,SDGYTPEPA
3zo1_I,TTYADFIASGRTGRRNAI
3zo2_I,TTYADFIASGRTGRRNAI
3zo3_I,TTYADFIASGRTGRRNAI
3zo4_I,TTYADFIASGRTGRRNAIHD
3zqf_C,EGLARVAALARSR
3zqg_C,RGRWQVWGLAKRC
3zqh_C,SRVVVWRLPPLH
3zqi_C,SVLAARARMWMWHW
3zrj_X,QGSLLDEIMAQTRC
3zrk_X,PHRLLQQLVLSGNLIKEAVRRLHS
3zrl_X,PHRLLQQLVLSGNLIKEAVRRLH
3zrm_X,PHRLLQQLVLSGNLIKEAVRRLH
3zrz_C,TGMSGFSETVTIVEDTRP
3zvy_D,ARTKQ
3zzy_C,VSLLGAPP
3zzz_C,SEGLLGL
4a0j_C,ARTKQT
4a1g_3_III_G,TKIDTTSFLANLKLH
4a1t_C,GRLVYLLDGPGYDPIHC
4a1u_B,IIAQLRIGDFNYY
4a1v_D,DELVYLLDGPGYDPIHS
4a1w_P,IAQLRRGDENAY
4a1x_C,GRLVYLLDGPGYDPIHC
4a2a_C,DIPAIYRYGLEGLL
4a4b_B,SDGYTPEPA
4a4c_B,SDGYTPEPA
4a4m_B,ILENLKDCGLF
4a5x_C,MEDQLSRRLAALRN
4a62_C,DEETKKNAMKLIN
4a7j_B,ATKQTA
4aa1_P,YIHPF
4aa2_P,RPKIPP
4abi_B,GRCTKSIICF
4abj_B,RCTKSPICF
4aen_C,KMRMATPLLMQALPM
4afj_X,HRLLQQLVLSGNLIKEAVRRLHS
4aid_F,PRRGWWR
4aif_D,SRMEEVD
4aim_C,KPRRGWWR
4ajy_H,EALAPYIPMDDDFQL
4ak4_B,QSGISQTVIVGPWGAQ
4akb_B,SGISQTVIVGPWGAQ
4akc_B,QSGISQTVIVGPWGAQ
4akt_C,PIPFPAYDG
4am9_B,QVPELIKPS
4aom_T,KNIPSLLRVQAHIRKKMV
4aph_P,DRVYIHPF
4apj_P,EGLPPRPKIPP
4apo_E,AEDDVE
4ar2_P,NPVYPYDTEC
4au7_C,RHRVLRDY
4auv_2_III_H1,SECVSEMLDLEKQFSELKEKLF
4auv_2_III_H2,SECVSEMLDLEKQFSELKEKLF
4ax9_I,DFEEIPEEYLQ
4axa_I,TTYADFIASGRTGRRNAIHD
4ay5_I,PVSVPYSSAQS
4ay6_E,PVSVPYASAQS
4ayv_D,DFEEIPEEYLQ
4ayy_D,DFEEIPEEYLQ
4az2_D,DFEEIPEEYLQ
4aza_B,KKRYSREFLLGF
4b18_B,RRRSRSLPLPKRPRRA
4b1w_M,KDSLAIKLSNRPSKRELEEKNILP
4b45_B,MWHSDDLDDLLGS
4b4n_B,PVLFPGQPFGQPPLG
4b4s_B,RPEIWIAQELRRIGDEFNAYYARR
4b60_C,QQHHLGGAKQAGDV
4b6h_1_III_C,PSPSVLPKPPSHWVP
4b6h_2_III_D,PSSVLPKPPSHWVP
4b7e_B,EVVKLLLEHGADVLAQD
4b7k_B,VVKLLLEHGADVSAQ
4b7t_B,VEPQKFAEELIHRLEAVQ
4b8o_B,GSPPKKKRKVG
4b8p_C,TVLGKRK
4b9w_P,AGGLVFR
4ba3_B,LGKRKY
4bah_D,DFEEIPGEYL
4bak_D,DFEEIPGEYL
4bam_D,DFEEIPEEYL
4ban_D,DFEEIPEEYL
4bao_D,DFEEIPEEYL
4baq_D,DFEEIPEEYL
4bd3_B,ATGGVKPHRY
4bd6_C,ASTKKLSECLKRIGDELDSN
4bea_B,KKRYSRQLLL
4bey_B,ILENLKDCGLF
4bg6_Q,KDKAKSC
4bh6_6_III_N,QFMLYEETAEERNIAVHRHN
4bh7_P,PYPAWHAPG
4bh8_P,RPSYISHLL
4bj3_1_III_C,GPPGPPGFPGERGPPGPP
4bj3_1_III_D,GPPGPPGFPGERGPPGPP
4bj3_1_III_E,GPPGPPGFPGERGPPGPP
4bj5_D,FTVLRKLNLVPIK
4bj6_D,FTVLRKLNLVPIK
4bjt_F,IRIPIFN
4bl0_F,PTSMEMTEVFPR
4blb_G,SYGHLSIG
4bld_E,SYGHLSAS
4bos_F,TLTGKTI
4bpi_B,AEIGALRMADLNQY
4bpj_D,AIAALRMADLNQYE
4bpk_C,ARIGARMADLNQY
4bpl_B,SAVKRPAATKKAGQAKKKKLD
4bq6_1_III_E,PCNYHPSYLFCGLFGD
4bqd_C,FQSKPNVHVDGYFERLAAKL
4bqk_D,LSKRPRESERKRER
4bt9_C,PPGPPGPPG
4bta_C,PPGPPGPPG
4btb_C,PPPPPPPPP
4bu0_B,GEVLVPETVA
4bu1_D,GYGRVESTPPAFLP
4buo_C,RRPYIL
4buz_P,RHKKLMF
4bv0_C,GRRPYIL
4bwb_C,RRPYI
4bwq_F,PLFQQRPYPSPGAVLRANAEASRTK
4bws_B,PLFQQRPYPSPGAVLRANAEAS
4bxf_C,GCLHHHRIN
4bxl_C,EGVLYVGSKTKEGVVHGVATVA
4bxr_C,DLSPRPSPNPHP
4bxu_B,ASEDELVAEFLQDQN
4bxw_F,DIFADIFI
4c1q_C,ARTQTA
4c2d_E,AASLSA
4c2d_M,AAPQA
4c2f_C,AAAASAA
4c31_C,KESIVLPTVGFDFIK
4c33_I,TTYADFIASGRTGRRNAI
4c34_I,TTYADFIASGRTGRRNAI
4c35_I,TTYADFIASGRTGRRNAI
4c36_I,TTYADFIASGRTGRRNAIHD
4c37_I,TTYADFIASGRTGRRNAIHD
4c38_I,TTYADFIASGRTGRRNAIHD
4c3p_B,SSYSYDAPSDFINFSSL
4c56_L,PKYVKQNTLKLAT
4c5a_C,ENLYFQGA
4c5i_C,EQKQVQIKTFSVTMWS
4c78_C,GKVMRRL
4c93_D,FDDILGEFES
4c95_D,INIDDILAELDKE
4cay_C,EVGLSYLMKEEIQDEEDDDDYVE
4cc7_B,PPALPSSAPSG
4cc9_1_III_C,NPTRLREASKSRVQLFKDD
4ccm_C,NHQHICKP
4ccn_C,GGNHQHICKP
4cco_C,GGCNHQHIGKPS
4cdr_H,VTPVTA
4cfh_C,PGSHTIEFFEMCANLIKILAQ
4cgq_Q,SRMEEVD
4cgu_C,SRMEEVD
4cgw_C,SRMEEVD
4ch2_P,DLYDYYP
4ch9_D,EPEEPEADQ
4cha_A,CGVPAIQPVLS
4chb_C,EPEEPEADQH
4cic_Q,AAAAAA
4cim_Q,AADPLGQALRAIGDEFETRFR
4cin_C,VIPMAAVKQALREAGDEFELRYR
4ckt_D,ELDSDDES
4cqo_D,FSSWNDYLGLATLI
4cri_C,IYISPL
4cry_A,SMIRTMLQGKLHRVKVTHADLHYEG
4csj_B,ENALLRYLLDKDD
4cu4_B,GGAGHVPEYFVGIGTPISFYG
4cug_E,PAEVRMGK
4cvx_F,YPYLGPNTL
4cvz_C,YELDEKFDRL
4cw1_F,SWFRKPMTR
4cy1_D,GTCVAARTRPVLSY
4cy2_C,SDDLDVVGD
4cy2_D,DGTCVAARTRPV
4cy3_D,LCSRARPLV
4cy5_C,DEIDVVSP
4cy5_D,LCSRARPLV
4cyd_F,AHHHHDYDIPTTENLYFQGHM
4d07_B,QPKDDKNTMTDS
4d0b_C,TAGQEDYDRL
4d0c_C,TAGQSNYDRL
4d0d_C,VIFPAKSL
4d0t_P,DSTTPAP
4d0z_X,STCPAA
4d11_P,STCPAA
4d11_Z,STCPA
4d2g_D,APVCVRPTPKWQKGIGEFFAA
4d2l_B,TMGQVGRQLKIIGDDINRRYDSQ
4d2m_B,RPEIWIAQELRRIGDEFNAYYA
4d49_C,RRRRRRRRR
4d6t_1_III_I,LCRESLRLVASVSLNVPASVR
4dat_B,FYPSAE
4dau_B,AMSFQS
4day_C,DLFSVTFDLGFC
4dc2_Z,PVLAFQREGFGRQSMS
4dcb_F,KCPGRVVGGCK
4dfx_I,TTYADFIASGRTGRRASIHD
4dfz_I,TTYADFIASGRTGRRASIHD
4dg0_I,TTYADFIASGRTGRRASIHD
4dg2_I,TTYADFIASGRTGRRASIHD
4dg3_A,TTYADFIASGRTGRRNAIH
4dgb_B,PGPLPA
4dgc_F,ALLVTGLVLA
4dgv_A,RQLINTNGSWHIN
4dgy_A,QLINTNGSWHIN
4dh1_I,TTYADFIASGRTGRRNAIHD
4dh3_I,TTYADFIASGRTGRRNAIHD
4dh5_I,TTYADFIASGRTGRRNAIHD
4dh7_I,TTYADFIASGRTGRRNAIHD
4dh8_I,TTYADFIASGRTGRRNAIHD
4dig_B,LEACAF
4dj9_B,VVLINAVKDVAKALGDLISATK
4djc_B,NAQKKYYNAMKKL
4djs_B,RWPQILDHVRRVW
4dk7_B,DHQLLRYLLDKD
4dk8_B,DHQLLRYLLDKD
4dlq_B,TNFAVLMAHREIYHH
4dm6_E,RHKILHRLLQE
4dm8_C,KILHRLLQ
4dma_E,HKILHRLLQEG
4dor_C,SRPAILYALLSS
4dos_B,NALLRYLLDK
4dow_C,GAKRHRVLRDN
4dqm_B,KSLLQQLLTE
4drw_E,PKMKIPKFTF
4ds1_B,YAESGIQTDL
4dt7_E,QEDQVDPR
4dx9_B,KSAVTTVVNP
4dxr_B,SCALSNNFARSFHPMLRYTNGPPPL
4dxs_B,CTQANNFARSFYPMLRYTNGPPPT
4dxu_B,LEACAF
4e0r_C,IDWFDGKE
4e2j_C,NALLRYLLDKD
4e34_C,ANSRWPTSII
4e35_C,RWPTSIL
4e3b_C,SRWPTSIL
4e41_C,GELIGILNAAKVPAD
4e43_C,NLLQKK
4e5x_C,LLFGYPVYV
4e67_B,PLHSTA
4e73_B,PKRPTTLNL
4e7r_I,DFEEIPEEYLQ
4e81_C,RPVYIPRPP
4e9c_B,PPLHSTA
4e9d_E,DPPLHSTA
4edn_K,DDLDALLADLES
4edu_T,VHRLLRG
4ehq_G,HSMQALSWRKLYLSRAKLKA
4eik_B,SLARRPLPPLP
4eje_C,ILPTAPPEY
4ejf_1_III_E,RLHCVEWTILER
4ejf_1_III_F,RLHCVEWTILE
4ejf_1_III_G,RLHCVEWTILER
4ejf_1_III_H,RLHCVEWTILER
4ekk_C,GRPRTTSFAE
4emz_D,DRKGGSYSQAAGSDSAQGS
4en2_D,SYSQAAGSDSAQ
4eoy_D,NDWLLPSY
4ep2_B,AETFYVD
4ep3_E,KARVLAEAM
4epj_D,ATIMMQRG
4eq0_P,ATIMMQR
4eqf_B,RLSSNL
4eqj_G,ETFYVD
4er4_I,PHPFHIHK
4erq_D,INPTGCARSEPKI
4ery_D,VNPTGCARSEPKMS
4erz_E,LNPHGAARAEVY
4es0_C,GCARSEG
4esg_D,EPPLNPHGSARAEVHL
4eto_P,DAMNREVSSLKNKL
4eup_F,ALGIGILTV
4ewr_C,QTGSARSEGY
4ext_B,RTANILKPLMSPPSREEIMATLL
4ez1_K,GCCSTPPCAVLYC
4ezh_C,AARSAPATGG
4ezn_C,SYLPRP
4ezo_D,PPYLPRPR
4ezp_D,PRPYLPRPRPPRP
4ezq_B,PPRPIYN
4ezr_B,SHPRPIRV
4ezs_B,PRPGPIYY
4ezt_B,PRRPVIMRR
4ezu_B,PPRPPQWAVGHFMM
4ezv_C,PRPPQWAVGHFMM
4ezw_E,NRLLLTG
4ezx_C,NRLMLTG
4ezy_B,NRLIL
4ezz_B,ELPLVKI
4f00_B,PVYIPPPP
4f14_B,PPPTLPKPKLP
4f1z_Q,YGGGSSGGGSSGGG
4f20_Q,GGSSGSGSNGD
4f27_Q,ASGSSGTGSTGNQ
4f4u_C,TARSTG
4f56_C,TARKSTG
4f7m_C,LYASPQLEGF
4f7p_C,FYRYANF
4f7t_C,RYGFVANF
4f9m_C,HKILHRLLQEG
4fae_D,TIMMQRG
4faf_D,RVLFEAM
4faj_B,LVTLVFV
4fbw_1_III_C,NRRLRNLGSVEYIRNFKKFQK
4fbw_3_III_C,NRRLRNLGSVEYIRNFKKFQK
4fbw_3_III_D,EENRRLRNLGSVEYIR
4fcm_C,SGFSF
4fdd_B,GPGKMDSRGEHRQDRRERPY
4fgy_B,RHKILHRLLQE
4fhh_B,KHKILHRLLQ
4fhi_B,KHKILHRLLQ
4fi9_B,FYPMLRYTNGPPPT
4fif_C,RPKPLVD
4fii_B,RPKPLV
4fim_B,LEACAF
4fj3_P,HRYSTPRSTSTPNV
4fjp_B,LEACAF
4fl5_P,RTPSLPTP
4fm6_C,YDQII
4fmn_C,VRSKYFK
4fmo_C,TRSKFFN
4fmq_B,LSSLAASSLAKRRQQ
4fn5_B,AWGAG
4for_B,LEACAF
4fq3_B,PGKMDSRGEHRQDRRERPY
4fqx_E,NCLKLAT
4fr3_P,KRRKSV
4ft2_P,QTARST
4ftg_C,STVHEILSKLSL
4ftg_E,GKVTFPKMKIPKFTFS
4ftv_C,LLFGYPVYV
4fvl_C,QFAERYLRSYYHPT
4fvt_B,SGKVL
4fwf_E,ARTMQTARKSTGG
4fys_C,VYIHPF
4fzd_C,EWSFT
4g0d_W,SEEDLQFAERYLRSYYHPT
4g1d_B,RHKILHRLLQE
4g1w_B,PKRPTTLNL
4g1y_B,RHKILHRLLQ
4g1z_B,RHKILHRLLQ
4g20_B,RHKILHRLLQ
4g21_B,RHKILHRLLQE
4g2h_B,RHKILHRLLQ
4g2v_B,VMEMEPETMETKSVIDS
4g2z_B,LEACAF
4g35_B,AACLRRIGDCVNLRQKLLN
4g42_C,IDWFDGKD
4g43_C,IDWFEGKE
4g5o_E,EDFFSLILRSQAKRMDEQRVLL
4g5q_E,DFFSLILRSQAKRMDEQRVLL
4g5r_E,DFFSLILRSQAKRMDEQRVLL
4g5s_E,DFFDILVKCQGSRLDDQRCAPP
4g69_B,YLVTSV
4g6a_B,QLINTNGSWHIN
4g8g_C,KRWIILGLNK
4g8i_C,KRWIIMGLNK
4g9d_C,KRWIILGLNK
4g9f_C,KRWIIMGLNK
4g9j_C,NARVTFAEAAEII
4gag_P,ELINTNGSWHVN
4gaj_P,LINTNGSWHI
4gao_F,IKLFSLKQQK
4gba_F,LTLASKLK
4gch_E,CGVPAIQPVLS
4geq_F,KDPNEVRSFLQDLSQVLAR
4gfu_F,PEYLGLD
4gfv_F,PEYLT
4gg6_J,SGEGSFQPSQENP
4ggd_C,LSKENVQ
4ggn_D,SLMRVQAHIRKRMVA
4ghu_B,PSCPKPVQDTQPPE
4gk5_G,SFFDKKRS
4gkn_C,FATGIGIITV
4gks_C,FLTGIGIITV
4gkv_P,AIPNPLLGLA
4gl9_K,VEYSTVVH
4gld_B,FLAYK
4glr_A,KVAVVRTPPK
4gly_B,CCLGRGCENHRCL
4gmn_B,AFHKLVKNSAYYSRFQTKF
4gne_B,ARTKQT
4gnf_C,ARTKQTARK
4gng_B,ARTKQTARS
4gnt_B,RDKIRLNNAIWRAWYIQYVQR
4gpk_M,SSKPDIVG
4gpl_A,YTPEP
4gq6_B,SARWRFPARPGT
4gqb_C,SGRGKGGK
4grk_B,LEACAF
4grv_B,RRPYIL
4gur_C,ARTMQTARKSTGGKAPRKQL
4gus_C,ARTMQTARKSTGGKAPRKQL
4gvc_B,TKQEEFYA
4gvd_D,TKQEEFYA
4gw1_E,CQFDLSTRRLKC
4gw5_E,CQYNLSSRALKC
4gw8_B,RKRRRHPSG
4gxb_B,GTYGVFTNAAYDPTP
4gxl_B,NPGLAYGNPYS
4gy5_E,ARTKQTARS
4gyo_C,ERGMT
4gyw_D,YPGGSTPVSSANMM
4gyy_B,YPGGSTPVSSANMM
4gz3_B,YPGGSTPVSSANMM
4h0h_D,FYPYPYA
4h1l_C,QHIRCNIPKRISA
4h25_C,QHIRCNIPKRIGPSKVATLVPR
4h26_C,QWIRVNIPKRI
4h36_B,KHEMTLKF
4h39_B,PKRPTTLNLF
4h3b_B,VVRPGSLDLP
4h3h_4_III_E2,PTSPSYSP
4h3p_B,PQLKPIEASILAARRV
4h3q_B,RRKPVLPALTIN
4h4f_Q,CGVPSFPPNL
4h62_K,QDTEKMEEQLDLLSAILDP
4h62_V,DEKQIEELLDNCIETFVAEKTT
4h75_B,ARTQTAR
4hab_D,LHSTM
4han_C,PGLAYGNPY
4hcz_C,STGGVKPHR
4hdq_C,RRDYF
4hee_Y,TERHKILHRLLQEGSP
4hfz_B,ETFSDLWKLLP
4hgc_I,GRCTSIPPICF
4hh6_Z,WDSVYASLFEKINL
4hha_P,ETIYNTTLKY
4hix_A,DAEFRH
4hkc_B,KRQYKSIL
4hkj_C,SIINFEKL
4hnj_C,EQWAREIGAQLRRMADDLNAQY
4hom_B,RPKPQQFFGLM
4hon_F,TARSTGGKA
4hpo_P,DKKQKVHALFYKLDI
4hpt_I,TTYADFIASGRTGRRASIH
4hpu_I,TTYADFIASGRTGRRASIH
4hpy_P,KKQKVHALFYK
4hre_G,PTFFPRFEF
4hrg_C,MKIPKFTF
4hrh_C,PTFFPRFEF
4hs3_C,AVYNFATM
4hs6_Z,QLINTNGSWHIN
4hs8_A,QLINTNGSWHIN
4ht6_B,ITYDKGIQTDQ
4htp_C,DVPQWEVFFK
4htv_B,YRRRRRY
4huu_C,ASNENIETM
4huv_C,ASNENWETM
4huw_I,ASNENTETM
4hux_C,ASNENMETM
4hv8_E,ASNENIETM
4hvu_B,APPLPPRNRP
4hvv_B,APPLPPRNRP
4hvw_B,VSLARRPLPPLP
4hw4_C,ALETLRRVGDGVQRNH
4hwz_C,AIFQSSMTK
4hx1_C,SVYDFFVWL
4hy2_D,LHSTM
4hy7_B,ALLVTGLVLA
4hy9_C,LYPRPTT
4hyb_C,LYIPRPP
4hys_B,PKRPTTLNL
4hyu_B,PKRPTTLNL
4hzl_E,NESLNTGWLAGLF
4i2w_B,AGGPTIEEVD
4i2z_B,ASRMEEVD
4i31_C,KGSVVIVGRIILS
4i32_C,KGSVVIVGRIILS
4i33_C,KGSVVIVGRIILS
4i48_C,TLTSCNTSV
4i4w_C,ILAKFLHRL
4i51_C,TKQTARST
4i5b_C,VVKQNCLKLATK
4i7b_B,LRPVMVRPTV
4i7c_B,KLRPVMVRPWVR
4i7d_B,KLRPVAMVRPVR
4i80_B,RWFPARP
4i9c_C,QRGMI
4ia1_B,KHKILHRLLQ
4ia2_B,KHKILHRLLQ
4ia3_B,KHKILHRLLQ
4ia7_B,KHKILHRLLQ
4iac_S,TTYADFIASGRTGRRASIHD
4iad_S,TTYADFIASGRTGRRASIHD
4iaf_S,TTYADFIASGRTGRRASIHD
4iai_S,TTYADFIASGRTGRRASIHD
4iak_S,TTYADFIASGRTGRRASIHD
4iay_S,TTYADFIASGRTGRRASIHD
4iaz_S,TTYADFIASGRTGRRASIHD
4ib0_S,TTYADFIASGRTGRRASIHD
4ib1_S,TTYADFIASGRTGRRASIHD
4ib3_S,TTYADFIASGRTGRRASIHD
4ib5_D,GCRLYGFKIHGCG
4icz_F,NLYYW
4ie9_I,TTYADFIASGRTGRRNAIHD
4iea_P,RSASEPSL
4ifi_B,RSPVFS
4ifl_P,AFFAQLQLDEETGEFL
4ig9_B,GSQYLFLPPNRYIFHGAEVYS
4iga_B,DVLSQEEINQLIEALM
4igk_C,ACSPQFG
4ihg_2_III_L,DSLDTVELVM
4ihh_1_III_H,DSLDTVELVM
4ihh_1_III_L,DSLDTVELVM
4ihl_P,HRYSTPHAQRSTSTPNV
4iho_C,EGPRNQDWL
4iim_C,WRDSSGYVMGPW
4iio_C,WRGSLSYLKGPL
4ij9_I,TTYADFIASGRTGRRNAI
4ika_D,GAYSGAPKQVLKKPALRTAT
4ikn_B,DYQRL
4ioi_C,CQFDLSTRRLKC
4ipz_B,ALLVTLVLA
4iqr_2_III_K,KILHRLLQ
4iqr_2_III_L,KILHRLLQ
4irv_1_III_E,GPNIQKLLYQRTTIAAMETI
4is6_C,RQLYPEWTEAQRL
4isq_F,KEDAFSKLKEKFMNE
4isr_D,SQEDMFAKLKDKFFNE
4iu7_C,HKILHRLLQD
4iui_C,KILHRLLQD
4iur_C,TKQTARS
4iv2_C,HKILHRLLQD
4iv3_4_III_D2,FGALLA
4iv3_4_III_D24,FGALLA
4iv3_4_III_D6,FGALLA
4iv3_6_III_D23,FGALLA
4iv3_6_III_D24,FGALLA
4iv3_6_III_D3,FGALLA
4iv3_6_III_D4,FGALLA
4iv3_6_III_D43,FGALLA
4iv3_6_III_D44,FGALLA
4iv4_C,HKILHRLLQD
4ivw_C,HKILHRLLQD
4ivy_C,HKILHRLLQD
4iw6_C,HKILHRLLQD
4iw8_C,HKILHRLLQD
4iwc_C,HKILHRLLQD
4iwf_C,HKILHRLLQD
4izy_B,PKRPTTLNL
4j09_B,TNLYML
4j1v_E,ALPAWARPD
4j24_I,RHPLLLRHLLQN
4j26_I,HPLLMRLLHHPS
4j2c_B,AHGMLKLYYGLS
4j2j_D,RSVAVFPWHSLVPFL
4j2l_C,MFVWTNVEPRSVAVFPWHSLVPFLA
4j4q_B,ILENLKDVGLF
4j6s_E,RAVSELD
4j7f_B,SKSKDR
4j7i_B,SKSKDR
4j83_B,SKSADR
4j8g_C,AASFIDAKKMP
4j8o_B,SKSADRK
4j8r_I,PHGGSWGQP
4j8s_B,RRLPIFNRISVS
4j9c_B,APTYSPPLPP
4j9d_B,APTYPPPLPP
4j9e_B,APTYSPPLPP
4j9f_B,APTYPPPLPP
4j9g_B,APTYPPPPPP
4j9h_G,APTYPPPPPP
4j9i_B,APTYSPPLPP
4jaa_S,VVKLLLEHGADVLAQD
4jc3_B,FPATV
4jdd_B,FPATV
4jdh_B,RRRTWYFGG
4jdi_B,RRRRSW
4jdj_B,RRRTWY
4jdk_B,RRRSWY
4jfd_C,ELAAIGILTV
4jfe_C,ELAGIGALTV
4jff_C,ELAGIGILTV
4jfo_C,ALAGIGILTV
4jfp_C,ELAAIGILTV
4jfq_C,ELAGIGIATV
4jfz_P,KGNYVVTSH
4jg0_P,KGNYVVTS
4jg1_P,KGNYVVTTH
4jhj_C,ATDSWAQAVDEQEAAAESI
4jhk_C,PLGSMSRIKNWGDEVEEQEMRT
4jif_B,FRPSPLERIKTNVINPAYA
4jij_P,PLGFAR
4jiz_B,YHSVVRYA
4jjm_F,ALLVTGLVLA
4jk5_B,ACSRYEVDCRGRSSACG
4jk6_B,ACSRYEVDCRGRSACG
4jl0_C,TGVALTPPS
4jlq_B,TRFNPLA
4jlu_B,GFGEYSRSPTF
4jmg_B,VYENVGLM
4jmh_B,HQYYNDFP
4jml_E,GCSDGSGWSSENNPWG
4jmr_F,MAPPMTLQQWIIWKKMN
4jmy_C,KGSVVIVGRIILS
4jmy_E,DDIVPC
4jo1_P,TRKSIHIGPG
4jo2_P,TRKSIRIGPG
4jo3_P,EIIGDIRQA
4jo6_Y,GHVVEGLAGELEQLRARLEHHPQGQ
4jo8_1_III_B1,SMELLEYIKREQERWDSETKSV
4jo8_1_III_B2,SMELLEYIKREQERWDSETKSV
4joe_C,ANSRAPTSII
4jof_C,RLPTSII
4jog_C,SRVPTSII
4joh_D,PTSII
4joj_C,SRFPTSII
4jok_C,NSRYPTSII
4jol_E,VPPGLPSSVYA
4jop_C,TRRETQL
4jor_C,RLQRRRETQV
4jqg_P,PLGAR
4jqi_V,RTPPSLGPESCTTASSSLAKD
4jqv_B,SELEIKRY
4jqx_B,EECDSELEIKRY
4jrx_C,LPEPLPQGQLTAY
4jry_C,LPEPLPQGQLTAY
4jwc_C,RPPRLPRPR
4jwd_D,PRPLPFP
4jwe_C,RPRLPRPRP
4jwi_C,RPILLPWR
4jx7_B,KRRRH
4jxt_B,PSYSPTSPSYS
4jyg_F,RHKILHRLLQE
4jyh_C,HKILHRLLQE
4jyi_F,HKILHRLLQ
4jzo_J,GWLAGLFYQHK
4k0u_B,RTFRQVQSSISDFYD
4k1e_B,GFCQRSIPPICFPD
4k38_D,TSPMCAPARS
4k39_C,AVPSCIPSRA
4k3o_E,QADLF
4k3p_E,QLALF
4k3q_E,QLDAF
4k3r_E,QLDLA
4k45_B,PGFYVEAN
4k4j_B,KHKILHRLLQD
4k6i_B,KHKILHRLLQD
4k6y_C,SRWQTSII
4k74_C,QLNLF
4k75_B,RWQDTRL
4k76_E,SRWPTTRL
4k78_B,ANSRWQDTRL
4k7f_C,VCWGELMNL
4k7l_A,KETAAACFERCHMDS
4k8b_C,GSVVIVGRIILS
4k8y_B,GRCTKSIPPICFD
4ka3_B,TLSLVMPS
4kbb_1_III_C,DMFAKLKEKFFNEIN
4kel_B,GFCQRSIPPICFPN
4kg9_B,VSPSTSY
4kmd_B,GSYGHLSIGT
4kp3_E,KKKRLLSFRDVDFE
4ktc_B,GSVVIVGRIILSG
4kts_B,ISTRKYPSDWEEW
4ktu_B,ISTRKYPSDWEE
4kty_C,DLLPWP
4kv1_C,TFKSIMK
4kv4_B,TFKSI
4l1u_G,GSRTPMYG
4l29_m,YLLMWITQV
4l3c_m,YLLMWITQV
4l3e_C,ELAGIGILTV
4l3o_E,YHTYHVRRTNYYC
4l58_B,ARTQTA
4l7x_U,ARTQTA
4l8b_C,ASNEHMETM
4l8c_I,ASDENMETM
4l8d_E,ASNEDMETM
4l9p_C,KCVVM
4lbf_2_III_E,ACYCRIPACIAGERRYGTCAWAFCC
4lcd_C,QPPAYDED
4ld3_1_III_B,EDLSPRPSPNPHPVSQ
4leb_B,TTTTTTT
4lg6_B,HTPRLPTLPKRVP
4li3_A,TFEYGDGI
4lk9_B,ARTKQTARKSTGG
4lka_B,ARTKQTARKSTG
4lkl_B,PLHSTM
4lkm_B,PLHSTM
4lkx_R,LAGGSAQSQRAPDR
4llb_C,ARTKQTARKSTGGKA
4ln2_B,LAPPKPPLPE
4lnr_C,RPQVPLRPMTY
4loo_B,RVYPVSVPYSSAVTLSLVMPS
4lop_M,VYPVSVPYSSTLSLVMPS
4loq_M,VYPVSVPYSSTLSLVMPS
4lor_1_III_C,PGPPGPPGPPGKLGPPGPPGPPG
4lor_1_III_D,GPPGPPGPPGPPGKLGPPGPPGP
4loy_I,DFEEIPEEYL
4lp9_I,SLFHTP
4lsj_B,SSRLWELLME
4lx2_B,KKRLLSFRDVDF
4lxb_I,DFEEIPEEYL
4lxl_D,ARSTGGK
4lzf_B,DLSPRPSPNPHP
4m1c_G,DAEFRKLVFF
4m1d_P,CRIHIGPGRAFYTC
4m1z_C,EVPPPVYIPP
4m5s_B,GERTIPITRE
4m5t_B,ERTIPITRE
4m7c_C,SRGLEVSHRLAPW
4m8e_B,KHKILHRLLQD
4m8h_B,KHKILHRLLQD
4m91_B,KFHCAN
4m92_B,NYTCELKYG
4m9s_E,MFNFMG
4m9x_C,PLFNFLC
4m9z_E,MFNFLG
4mbe_G,LPTVGFDFI
4mbe_X,DKESIV
4mcy_C,SAVRLSSVPGVR
4mcz_C,GVYATSSAVRLR
4md0_C,GVYATSSAVL
4md4_C,ATEYVVNSAYQ
4md5_C,SAVRLSSVPGVR
4mdd_C,LGLEDIIRKALMG
4mdi_C,SAVRLSSVPGVR
4mdj_C,SAVRLRSSVPGVR
4mdr_B,TYKFFEQ
4mg5_C,KILHRLLQE
4mg6_C,KILHRLLQE
4mg7_C,KILHRLLQE
4mg8_C,HKILHRLLQE
4mg9_F,KILHRLLQE
4mga_C,KILHRLLQE
4mgb_C,KILHRLLQE
4mgc_F,KILHRLLQE
4mgd_F,KILHRLLQE
4mgx_B,PTFRSSLFL
4mi8_C,TMENLSRRLKVTEALFDIMS
4mj5_C,TIAMELIRMIK
4mj6_C,TMVMELIRMIK
4mjh_B,ITIPVTF
4mji_C,TAFTIPSI
4mjt_J,QPQSHSIEL
4mkq_C,QPQSHSIEL
4mli_B,AHIVMVDAYKPT
4mls_B,AHIVMVDAYKPT
4mn8_C,QRLSTGSRINSAKDDAAGLQI
4mnq_C,ILAKFLHWL
4mnv_B,TCRQSMCTAR
4mnw_B,QCWDRGCENRKCN
4mnx_B,LCSDRGCENRWCK
4mny_C,GCQVNYCPPVPCL
4ms8_B,SPAEAGFFL
4mvb_B,QPAEGGFQL
4mvi_B,KLVFFAEDVGSNK
4mvk_B,VFFAED
4mvl_E,LVFFAEDVGSN
4mxq_B,SPAPRPLDL
4mz5_A,SPSKRARP
4mz6_A,SKRARPA
4mzf_A,ARTQTAK
4mzg_A,ARTQTARK
4mzh_B,ARTQTA
4mzj_T,KNLPSLLRVQAHIRKKMV
4mzk_T,KNIPSLLRLQAHLRKKMV
4mzl_C,NISLLRVQAHIRKKMV
4n0c_B,MPAGRPWDL
4n0y_A,TGHRMAWDMMM
4n1a_G,RVQALLN
4n39_B,ETGTTNTATT
4n3a_B,ETGTTNTATTAT
4n3b_B,SNPPCQTHETGTTNTATTAT
4n3c_B,SNPPCETHETGTTNTATTAT
4n3l_I,DFEEIPEEYL
4n3w_C,RHRKV
4n4f_C,GKGLGK
4n4h_B,APATGGVKPH
4n4i_B,APSTGGVKPH
4n5e_B,VPYMAEFGM
4n5t_B,LTFEYWAQSAA
4n6p_B,LEACAF
4n78_P,RSMSTFGK
4n7g_B,QGLLDALDLAS
4n7h_B,EAPPSYAEV
4n7y_C,QGLDLDLAS
4n84_C,GLDLDLAS
4n8c_X,SLLTEVETPIRNEWG
4n8v_C,MLIYSMWGK
4naq_B,AAAAAAA
4naw_D,EAADMEEYEESGL
4nb3_C,DFTADDLEEWALA
4nec_E,SAVSAV
4nf9_C,QRKWYPLRP
4nge_B,QKLVFFAED
4ngh_P,NWFNITNVLWIKKK
4nhc_P,NWFNITNVLWIKKKK
4nie_D,HKILHRLLQD
4niq_C,ENYSNTDPEELLRKHVFPSVPK
4nm0_B,ILVEPQKFAEELIHRLEAVQR
4nm3_B,VEPQKFAEELIHRLEAVQR
4nm5_B,VEPQKFAEELIHRLEAVQR
4nm5_C,PPPTPR
4nm7_B,VEPQKFAEELIHRLEAVQR
4nm7_C,PPPSPC
4nmo_C,RWPTSKI
4nmp_C,WPKSII
4nmq_C,ANSRWKTSII
4nmr_C,ANSRKPTSII
4nms_C,WPTSI
4nmt_C,RWPTSI
4nmv_C,WPTSI
4nmx_Z,TVFTSWEEYLDWV
4nnd_F,LQRYSE
4nnl_C,NSRFPTSII
4nnm_C,YPTSII
4nnx_C,RQASLSISV
4nny_C,RQASLSISV
4no0_C,RQASIELPSMAV
4no2_C,RQASIELPSMAV
4no3_C,RQISQDVKL
4no5_C,RQISQDVKL
4nqa_1_III_C,HKILHRLLQD
4nqa_1_III_D,HKILHRLLQDSS
4nqv_M,CTELKLSDY
4nqx_M,CTELKLNDY
4nr1_S,EVVKLLLEHGADVA
4nrx_P,NEQELLELDKWASL
4nsk_C,KAPYNFATM
4nt6_C,GILGFVFTL
4nu1_B,VEPQKFAEELIHRLEAVQR
4nu8_A,TFEYGDGI
4nuf_P,MHRVSAALEEANKVFL
4nuu_C,QLDFEDVWNSSY
4nuv_C,QLDFEDVWNSSY
4nw2_B,PKQKRRTARSV
4nxq_D,NQKEYFF
4nxr_B,NKDKEYYV
4ny3_C,PDYFL
4nze_I,FEEIPEEY
4o21_S,TTYADFIASGRTGRRAIHD
4o22_S,TTYADFIASGRTGRRASIHD
4o27_C,DWIFE
4o2c_C,SHVAVENAL
4o2e_C,SHVAVENAL
4o2f_C,HVAVENAL
4o30_C,KAARKSAPATGGVK
4o36_A,ETAAAHFEQHHMDS
4o37_A,KETAAAFERHLDS
4o3t_P,IVGGYPWWM
4o3u_P,IIGGCPYWMDREEC
4o42_B,RTARSV
4o45_B,ARTAR
4o46_G,TARSKV
4o4y_A,PAPELLG
4o51_M,APELLG
4o56_B,GPMTSTPK
4o62_D,ARTQT
4o6f_B,GRMLKHKRQR
4o9w_B,VLSTL
4oaj_B,NEKVSCV
4oar_B,GLEAIIRKALM
4obd_E,PGNFFQNRP
4obf_E,RPGNFLQNRP
4obg_E,RPGNFLQSRP
4obh_E,RPGNFFQSRP
4obj_C,RPGNFLQNRP
4obk_C,RPGNFFQNRP
4oc7_B,HKILHRLLQD
4od7_D,PWATCDS
4odk_B,HKYNNYEG
4odl_D,TRYWNPKMKPFIFGA
4odm_G,MKPFIF
4odm_H,PKMKPFIFGA
4odn_B,FIFGARNKVHIY
4odp_B,MKPFI
4odq_B,GIVKPW
4oed_B,YIFDLFYK
4oey_B,GAFQNLFQ
4oez_B,SAFSRLYT
4ofb_B,TIDDEYRRKT
4ofr_B,SSFRDWYT
4ofu_B,SAFSRYYT
4oga_F,FEDYLHNVVFVPRPS
4oh4_E,TMEELQAAIQAAIAHC
4oh5_B,GAFQNLFQS
4oh6_B,YIFDLFYKR
4oha_B,SAFSRLYTR
4oi4_2_III_D,NIQSRNWYLSDSQWAAFKDDEITS
4oih_B,KRTHRAKKMSKTH
4oil_B,TLFSQHY
4oiu_B,SSFRDWY
4oj9_B,SAFSRYYT
4ojf_A,DAEFRH
4ok1_B,GAFQNLFQS
4okb_B,YIFDLFYKR
4okf_A,KETAAAKFERQHLDS
4okt_B,DSAFSRLYTRS
4okw_B,DTLFSQHY
4okx_B,SFRDWYTS
4olm_B,DSAFSRYY
4onf_P,DAEFRH
4ong_P,DAEFR
4oni_C,GAASRPAILYALLSSS
4oo6_B,RGRYRSPY
4ore_A,TFEYGDGI
4os1_B,GALGRGCENHRCL
4os2_B,GLGRGCENHRCL
4os4_B,GALGRGCENHRCL
4os5_B,GALGRGCENHRCL
4os6_B,GLGRGCENHRCL
4os7_B,GALGRGCENHRCL
4ou3_B,CNGRCG
4ouc_B,ARTKQTA
4ov5_C,GSDARFLRGYHLYA
4oyk_C,EDMYRAADEIEKE
4oz1_C,KSRWDETP
4ozf_J,APQPELPYPQPGS
4ozg_J,APQPELPYPQPG
4ozh_J,APQPELPYPQPGS
4ozi_J,QPFPQPELPYP
4p1w_G,SSFGRL
4p2o_P,PADPLAFFSSAIKGGGGSLV
4p2q_C,ADGLAYFRSSFKGG
4p2r_C,ANGVAFFLTPFKA
4p3c_M,FDSAEPWTVRNED
4p3d_C,FDSAEPWTVRNED
4p3w_G,EKRVASSVFITLAPP
4p5h_1,YNPLVPDAM
4p6w_B,ANALLRYLLDKD
4p6x_B,NALLRYLLDKDD
4p6z_T,TSYDYCRVPME
4pby_C,SETKRAARRPYK
4pbz_B,KLLSSSETKRAARRPYKPIALR
4pc0_C,LLSSSETKRAARRPYKPIAL
4pd1_C,DFSIVGSLPR
4pg2_D,CSLWNGPHL
4pg9_C,FAPGNYPAL
4pgb_C,FAPGNWPAL
4pgc_C,FAPGNYPAL
4pgd_C,FAPGNYPAF
4pge_C,FAPGNYPAW
4pid_B,GVQSLKRRRCF
4pie_B,GVQSLKRRRCF
4piq_B,GVKSLKRRRCY
4pis_B,GVKSLKRRRCY
4pld_B,NALLRYLLDKD
4ple_B,NALLRYLLD
4pn1_E,RTPAWN
4po2_C,NRLLLTG
4po6_B,NLLLSTSEEQIEKCFIIEN
4po7_N,ELYENPYIL
4poh_B,KHKILHRLLQD
4poj_B,KHKILHRLLQD
4pp3_B,KHKILHRLLQD
4pp5_B,KHKILHRLLQD
4pp6_C,KILHRLLQD
4ppp_C,KILHRLL
4pps_C,HKILHRLLQDSS
4pr5_C,HPVGDADYFEY
4pra_C,HPVGQADYFEY
4prb_C,HPVAEADYFEY
4prd_C,HPVGDADYFEY
4pre_C,HPVGQADYFEY
4prh_C,HPVGDADYFEY
4pri_C,HPVGEADYFEY
4prn_C,HPVAEADYFEY
4prp_C,HPVGQADYFEY
4psi_D,ALDSDDEFVPY
4psx_Y,ARTKQTARKSTG
4pv8_E,RFIFANI
4pv9_E,RVIFANI
4pxf_B,DIDVMGL
4pxm_C,ILHRLL
4pyu_C,SLSIEETNKLRAKLGLKPL
4pz5_B,SISYTDEIEEEDYD
4pz6_Q,SPSYSPTS
4q0a_D,GHKILHRLLQ
4q0x_E,NTGWLAGLF
4q13_C,ILHRLL
4q5j_E,MEELQAAIQAAIAHC
4q5u_C,ARKEVIRNKIRAIGKMARVFSVLR
4q5z_c,GIVEQCCTSYQ
4q6f_F,ARTKQ
4q6h_B,VQDTRL
4q6s_C,WRFKKANSRLPTSII
4q94_D,SPSYSPTSPSYS
4q96_3_III_C,SPSYSPTSPSYSPTSPSYS
4q96_3_III_F,SPSYSPTSPSYSPTSPSYS
4qae_P,DTHFPICIFCCGCCHRSKCGMCCKT
4qbm_C,GAKRHRKVL
4qbq_P,ARTKQTAR
4qbr_P,ARTKQTA
4qbs_P,ARTKQTA
4qc1_D,GGKAPRKQ
4qc3_C,GKGLGKG
4qe6_B,KENALLRYLLDKD
4qe8_C,KENALLRYLLDKD
4qeo_1_III_D,KSTGGKA
4qh7_C,NYTICAGTQTDP
4qh8_C,YSSTTGTQCDIA
4qh8_D,SSTTGTQCDI
4qj2_G,RPGNFLQSRP
4qj6_E,RPGNFFQSRP
4qj7_F,PGNFLQSS
4qj8_E,RPGNFLQSRL
4qj9_G,RPGNFLQSSP
4qja_P,RPGNFLQSRL
4qjr_B,PSLLKKLLLAPA
4qk4_B,PSLLKKLLLAPA
4qli_B,SHTLPC
4qmf_C,PEAENLQNDLELQQFLRESH
4qmg_F,SDWNAPAEEWGNW
4qok_C,EAAGIGILTV
4qq4_C,ARTQTARK
4qqi_X,AFVHMPTLPNLDFHKT
4qqm_B,AFVHMPTLPNLDFH
4qrp_C,HSKKKCDEL
4qrq_C,HSKKKCDEL
4qrr_P,IPSINVHHY
4qrs_C,ELKRKMIYM
4qrt_C,ELNRKMIYM
4qru_C,ELRRKMMYM
4qsy_B,KQVEYLDLDLD
4qt7_B,APPIPPPR
4que_D,VDDDM
4quf_P,TKQTARS
4quh_D,GVDDD
4qum_B,MTGYVVTR
4qut_B,GLGKG
4quu_B,RGKGG
4qvf_B,PEIWIAQELRRIGDEFNAYYA
4qwn_E,APATGGVKP
4qx7_E,APATGGVKPHRY
4qx8_E,APATGGVKPH
4qxb_E,APATGGVKPHRY
4qxc_E,APATGGVKPHRY
4qxh_E,APATGGVKPHRY
4qxt_Q,NAYNMSIRRS
4qxu_K,AEPWTVRNEDL
4qy8_Q,NAYNMSIRRSMAES
4qyd_B,GGKGLGKG
4qyl_E,SGRGKQGGKA
4qyo_Q,NAYNMSIRR
4r1e_B,GSLLRVQAHIRKKMV
4r1r_D,QIDSEVDTDDLSNFQL
4r32_B,SELDRLLLELN
4r3p_B,THYYLLP
4r3r_B,THYYLLP
4r3s_Q,INNAYNMSIRRS
4r5i_B,NRLLLT
4r6n_B,QSGISQTVIVGPWGAK
4r6o_B,QSGISQTVIVGPWGAK
4r6p_B,QSGISQTVIVGPWGAK
4r6q_B,QSGISQTVIVGPWGAK
4r6r_B,EQSGISQTVIVGPWGAK
4r7a_A,SRKGRPRKT
4r8m_C,PKKTG
4r8t_A,SEFDMWLERAADITWEMDAAI
4rey_B,SNPCIPFFYRADENDEVKITVI
4rfw_G,KHKILHRLLQD
4rh5_B,FSAYPS
4rh9_B,FSAYPSEE
4rhg_B,FSAYPSE
4riq_2_III_I1,AMGSVEHTLADVLYHVETEVENLY
4riq_2_III_O2,AMGSVEHTLADVLYHVETEVENLY
4riq_2_III_R2,AMGSVEHTLADVLYHVETEVENLY
4riq_2_III_U2,MGSVEHTLADVLYHVETEVENLY
4ris_P,RDKKQKVHALFYKA
4rjf_B,RKRRQTSMTDFFHSKRRLIFS
4rmc_B,KHKILHRLLQD
4rmd_B,KHKILHRLLQD
4rme_B,KHKILHRLLQD
4rof_C,EAPPCYMDVI
4roj_D,PPCYMDVI
4rqi_E,NRRLELEAYRLGPAS
4rrv_B,MFRDFDYIA
4rs9_B,SVPQARKASLARFLEKRKE
4rt4_E,LYKEQIAEDIVWDIIDELEQI
4rtv_B,APPLPPRNRP
4rtw_B,APPLPPR
4rty_B,APPLPPRNRPRL
4rtz_B,RRPLPPLP
4ru2_B,RKYWDVPPP
4ruj_B,RHKILHRLLQ
4ruo_B,KHKILHRLLQ
4rup_B,RHKILHRLLQ
4rwf_B,DKDKDNVAPRSKISPQGY
4rwg_D,FVPTDVGPFAF
4rwv_B,PRQGSILYSLLTSSK
4rxh_A,KKRKV
4rxz_C,TSFAEYWNLLS
4s0g_B,FSAYVS
4s0r_O,KMLEGQNAHFRYKNR
4s14_C,TLLQLLLGH
4s15_C,TLLQLLLGH
4s1x_1_III_C,IDQINGKMNRVIEKFHQIEKEF
4srn_B,PYVPVHFAASV
4thn_I,ARDYEEIPAAYE
4tk1_C,FNIVGTTYPIN
4tk3_C,FSIVGTLYP
4tk4_C,FSIVGTLYP
4tkn_D,TCIYNPLFGS
4tky_E,PFATCDS
4tmp_B,TKQTARKST
4tn7_E,APATGGVKP
4tot_E,ALLVTVLA
4tqe_A,LPTPPTREPKKVAVVR
4tr9_E,AASLYEKKAA
4tr9_G,AAASLYEKKAA
4tt2_P,SGRGKG
4tuj_E,RCNPNMEPPRCWAA
4tuk_I,VCNPLTGALLCSAAE
4tul_I,VCNPLTGALLC
4tuz_F,KILHRLLQE
4tv1_C,KILHRLLQE
4tvq_2_III_E,STIDFLDRAIFDGAST
4twi_B,KGGARHR
4twj_B,KGGARHRKW
4twt_E,ACPPCLWQVLCG
4txq_C,DELSQRLARLRDQ
4txr_B,QDELSQRLARLRDQV
4ty6_H,CTTKIKP
4tzl_C,NARDSPYGLSQGIT
4tzm_C,ARYGVSNTSINRK
4tzn_C,MRYGQSPNM
4tzo_B,ARDSPYGLSQGITK
4tzq_B,ARYGVSNTSINRK
4tzs_C,NARDSPYGLSQGITKKN
4u01_K,KGSVVIVGRIILS
4u0a_B,PVLFPGQPFGQPPL
4u0b_M,PVLFPGQPFGQPPL
4u0c_B,SPSGVFTFG
4u0d_M,SPSGVFTFG
4u1h_C,TPQDLNTML
4u1i_C,TPQDLNTML
4u1j_C,TPQDLNTML
4u1k_C,RPQVPLRPM
4u1l_C,RPQVPLRPM
4u1m_C,RPQVPLRPM
4u1n_C,RPQVPLRPM
4u1p_B,EPQYEEIPIYL
4u1s_C,FPRPWLHGL
4u39_2_III_K,VVLVAWEIRAKLKEY
4u4a_D,GEYSRSPTF
4u68_D,KQTARS
4u6x_P,ALQDAKEYFI
4u6y_P,FLNKDLEVDGHFVTM
4u7e_A,DFDDLSRRFEELKK
4u7i_B,DIDFDDLSRRFEELKK
4u7t_F,ARTKQTARKS
4u7y_B,DFDDLSRRFEELK
4u90_D,FNIVGTTYPC
4u9w_F,SGRGK
4ubf_P,LEEQASR
4ud7_H,TSFEYWLLP
4ud9_I,GDFEEIPEELQ
4uda_B,KSLLQQLLTE
4udb_B,QQKSLLQQLLTE
4udc_B,ENALLRYLLDKDD
4udd_B,ENALLRYLLDKDD
4udw_I,DFEEIPEEYLQ
4ue1_H,TSFEYWLLP
4ue7_I,GDFEEIPEEYLQ
4ueh_I,FEEIPEEYLQ
4uf1_B,STMGQVGRQLAIIGDDINRRYD
4uf2_B,TKKLSECLKRIGDELDSNM
4uf3_B,IWIAQELRRIGDEFNAYY
4ufe_I,DFEEIPEEYLQ
4uff_I,DFEEIPEEYLQ
4ufg_I,DFEEIPEEYLQ
4ui9_T,AAAAAQLAAAAAAAAAAAAAA
4ui9_U,MSRRPCSCALRPPAAAAAAAAAAA
4uj1_B,TTYADFIASGRTGRRNAIHD
4uj2_B,TTYADFIASGRTGRRNAIHD
4uj9_B,TTYADFIASGRTGRRNAIHD
4uja_B,TTYADFIASGRTGRRNAIHD
4ujb_B,TTYADFIASGRTGRRNAIHD
4um9_F,HGRGDLGRLKK
4umn_C,TSFEYWYLL
4up0_F,ARTQT
4upu_B,NHWQKIRTMVNLPVISPFK
4uq2_E,AIMYPK
4uqy_B,QKFIARNRAPRVQ
4usl_D,GYYPGG
4utn_D,GVLEYGV
4utr_C,GVLKEYGV
4utv_C,GVLKEYGV
4utx_C,GVLKEYGV
4utz_D,GVLKEYGV
4uu5_B,MWNLMPPPAERLI
4uu7_D,GVLKEYGV
4uu8_D,GVLKEYGV
4uub_D,GVLKEYGV
4uwx_C,TPRSARLERMAQALA
4ux6_A,QYVRIKNWGSGEILHDTLHHKATS
4ux9_F,PRPTLQLPLA
4uy4_D,ARTQT
4v0v_B,KKVTFLEEVTEYYISGDEDR
4v0w_B,KKVTFLEEVTEYYISG
4v11_B,SDATEGHDED
4v1c_C,RTQTAR
4v3i_B,DLTRP
4v46_1_III_AC,TPCVPAECFDLLVRHCVACGLLRTP
4v46_1_III_AD,TPCVPAECFDLLVRHCVACGLLRTP
4v46_1_III_BC,TPCVPAECFDLLVRHCVACGLLRTP
4v46_1_III_BD,TPCVPAECFDLLVRHCVACGLLRTP
4v46_1_III_CC,TPCVPAECFDLLVRHCVACGLLRTP
4v46_1_III_CD,TPCVPAECFDLLVRHCVACGLLRTP
4v46_1_III_DC,TPCVPAECFDLLVRHCVACGLLRTP
4v46_1_III_DD,TPCVPAECFDLLVRHCVACGLLRTP
4v46_1_III_EC,TPCVPAECFDLLVRHCVACGLLRTP
4v46_1_III_ED,TPCVPAECFDLLVRHCVACGLLRTP
4v46_1_III_FC,TPCVPAECFDLLVRHCVACGLLRTP
4v46_1_III_FD,TPCVPAECFDLLVRHCVACGLLRTP
4v46_1_III_GC,TPCVPAECFDLLVRHCVACGLLRTP
4v46_1_III_GD,TPCVPAECFDLLVRHCVACGLLRTP
4v46_1_III_HC,TPCVPAECFDLLVRHCVACGLLRTP
4v46_1_III_HD,TPCVPAECFDLLVRHCVACGLLRTP
4v46_1_III_IB,TPCVPAECFDLLVRHCVACGLLRTP
4v46_1_III_IC,TPCVPAECFDLLVRHCVACGLLRTP
4v46_1_III_ID,TPCVPAECFDLLVRHCVACGLLRTP
4v46_1_III_JB,TPCVPAECFDLLVRHCVACGLLRTP
4v46_1_III_JC,TPCVPAECFDLLVRHCVACGLLRTP
4v46_1_III_JD,TPCVPAECFDLLVRHCVACGLLRTP
4v46_1_III_KB,TPCVPAECFDLLVRHCVACGLLRTP
4v46_1_III_KC,TPCVPAECFDLLVRHCVACGLLRTP
4v46_1_III_KD,TPCVPAECFDLLVRHCVACGLLRTP
4v46_1_III_LB,TPCVPAECFDLLVRHCVACGLLRTP
4v46_1_III_LC,TPCVPAECFDLLVRHCVACGLLRTP
4v46_1_III_LD,TPCVPAECFDLLVRHCVACGLLRTP
4v46_1_III_MB,TPCVPAECFDLLVRHCVACGLLRTP
4v46_1_III_MC,TPCVPAECFDLLVRHCVACGLLRTP
4v46_1_III_MD,TPCVPAECFDLLVRHCVACGLLRTP
4v46_1_III_NB,TPCVPAECFDLLVRHCVACGLLRTP
4v46_1_III_NC,TPCVPAECFDLLVRHCVACGLLRTP
4v46_1_III_ND,TPCVPAECFDLLVRHCVACGLLRTP
4v46_1_III_OB,TPCVPAECFDLLVRHCVACGLLRTP
4v46_1_III_OC,TPCVPAECFDLLVRHCVACGLLRTP
4v46_1_III_OD,TPCVPAECFDLLVRHCVACGLLRTP
4v46_1_III_PB,TPCVPAECFDLLVRHCVACGLLRTP
4v46_1_III_PC,TPCVPAECFDLLVRHCVACGLLRTP
4v46_1_III_PD,TPCVPAECFDLLVRHCVACGLLRTP
4v46_1_III_QB,TPCVPAECFDLLVRHCVACGLLRTP
4v46_1_III_QC,TPCVPAECFDLLVRHCVACGLLRTP
4v46_1_III_RB,TPCVPAECFDLLVRHCVACGLLRTP
4v46_1_III_RC,TPCVPAECFDLLVRHCVACGLLRTP
4v46_1_III_SB,TPCVPAECFDLLVRHCVACGLLRTP
4v46_1_III_SC,TPCVPAECFDLLVRHCVACGLLRTP
4v46_1_III_TB,TPCVPAECFDLLVRHCVACGLLRTP
4v46_1_III_TC,TPCVPAECFDLLVRHCVACGLLRTP
4v46_1_III_UB,TPCVPAECFDLLVRHCVACGLLRTP
4v46_1_III_UC,TPCVPAECFDLLVRHCVACGLLRTP
4v46_1_III_VB,TPCVPAECFDLLVRHCVACGLLRTP
4v46_1_III_VC,TPCVPAECFDLLVRHCVACGLLRTP
4v46_1_III_WB,TPCVPAECFDLLVRHCVACGLLRTP
4v46_1_III_WC,TPCVPAECFDLLVRHCVACGLLRTP
4v46_1_III_XB,TPCVPAECFDLLVRHCVACGLLRTP
4v46_1_III_XC,TPCVPAECFDLLVRHCVACGLLRTP
4v46_1_III_YB,TPCVPAECFDLLVRHCVACGLLRTP
4v46_1_III_YC,TPCVPAECFDLLVRHCVACGLLRTP
4v46_1_III_ZB,TPCVPAECFDLLVRHCVACGLLRTP
4v46_1_III_ZC,TPCVPAECFDLLVRHCVACGLLRTP
4v98_18_III_KE,AVWDDSLLVKTYDESVG
4vgc_A,CGVPAIQPVL
4w4z_E,APYCVYRSWSC
4w50_E,APYCVYRGSWSC
4w5a_C,ARTKQTARST
4w8p_B,NEDIDQMFSTLLGEMDLLTQS
4wb5_I,TTYADFIASGRTGRRNAIHD
4wb6_I,TTYADFIASGRTGRRNAIH
4wb7_I,TTYADFIASGRTGRRNAIHD
4wb8_I,TTYADFIASGRTGRRNAIHD
4wci_B,NLPTAPPRRR
4wdi_C,LYLVCGERG
4wfd_C,TDLFDVFEETPVEL
4wht_a,QLINTNGSWHVN
4why_A,QLINTNGSWHV
4wih_B,IAAGRTGRRQAIHDI
4wj5_C,AGIGILT
4wj7_W,VDKVVINPYFG
4wjn_B,AEERVVVISSSNSSSRY
4wjo_B,AEERVVVISNSSSRY
4wjp_B,EAEERIIVLSD
4wjq_B,SGEAEERIIVLS
4wjv_K,DALPTYLLDREQ
4wjw_P,YYLNLNQDEESLLR
4wk2_C,GRGDSP
4wk4_C,ACRGDGWC
4wlb_D,SLLKKLLD
4wne_B,DHMEMEPETMETKSVTDYF
4wnf_1_III_B,HMEMEPETMETKSVTDYF
4wnl_F,PVLPGVKR
4wpf_B,AHKILHRLLQE
4wph_D,PRKCARKTR
4wpi_D,GPRKCARKTR
4wrq_C,SASLSNL
4wsf_B,VVFKKPLAPAP
4wsi_X,PRLEMDNVLKPPPEERLI
4wu5_C,RYPLTFGW
4wu7_C,RFPLTFGW
4wuu_C,RMFPNAPYL
4wv6_B,PVKKPKIRR
4wvd_C,NLGLEDIIRKALMGSF
4wvh_C,DHDAHA
4wvi_D,GGGGAVPTAKA
4wvj_D,GGGGGAPTAKAPSK
4wvt_C,AFPFF
4wx4_C,VKSLKRRRCY
4wx6_B,GVKSLKRRRCY
4wx7_B,GVKSLKRRRCY
4wy7_P,NWFDITNWLWYIKKK
4wym_M,PVLFPGQPFGQPP
4wyu_D,SWFQTDL
4wz9_M,AAAKA
4wzx_E,DIDFDDLSRRFEELKK
4x0w_P,CPAYSAYLDC
4x1h_C,VLEDLKSCGLF
4x1n_P,CPAYSAYLDC
4x1p_P,CPAYSAYLDC
4x1q_P,CPAYSRYLDC
4x1r_P,CPAYSAYLDC
4x1s_P,CPAYSAYLAC
4x1v_B,PTPRPVPMKRHIFR
4x2h_C,QVNNPF
4x2o_C,SSVFGAPA
4x34_C,TSRHKLMFK
4x3e_B,AQRFAQS
4x3g_C,PKPTCMVPPMP
4x3h_B,RIPSYRYRY
4x3i_B,ATRNFSG
4x3k_C,KAARSA
4x3o_C,PKKTG
4x3p_C,PKKTG
4x3s_D,RGFALSTH
4x5w_C,VSKWRMATPLLMQAL
4x6n_H,CTTKIKP
4x6s_L,WFEGDNTFP
4x8n_B,ERESEFDIED
4x8p_B,EYEERESEFDIE
4xai_P,YADTPALRQLSEYARPHVAFS
4xaj_Q,YADTPALRQLSEYARPHV
4xal_B,SSGVDL
4xaw_P,NWFDITNWLWYIKKKK
4xbe_P,NWFDITNWLWYIKKK
4xbu_B,GRSRQPLVLGDNC
4xc1_P,NWDITNWLWYIKKK
4xc2_E,SDDDFWVRVAP
4xc3_P,NWDITNWLWYIKK
4xcf_P,NWWDITNWLWYIKKKK
4xee_B,RRPYIL
4xef_B,MEELDALLEELERST
4xek_C,KTSAAAQLDELMAHLT
4xes_B,RRPYIL
4xev_C,KTSAAAQLDELMAHLTEMQ
4xgr_2_III_F,DELAAIRHRCAALPVVDNRSAEAI
4xgr_2_III_G,RDELAAIRHRCAALPVVDNRSAEA
4xgz_a,NLSELDRLLLEL
4xh2_a,GSATRELDELMASLSD
4xhv_B,DSKDVKEWYV
4xi7_C,QIKNPI
4xi9_E,VTPVSTAA
4xib_C,NIIKNTW
4xif_E,GPVFTSRSAAG
4xmk_P,IHIGPGRAFYT
4xnh_F,SYSMEH
4xo9_B,ADVTITVNGKVVA
4xoa_B,ADVTITVNGKVV
4xob_B,ADSTITIRGYVRD
4xod_B,ADVTITVNGKVVA
4xoe_B,ADVTITVNGKVVAK
4xoj_B,GRCTKSIPPICFP
4xpd_F,SYSMEH
4xpn_B,ARKVRFSEKVTVHFLA
4xss_F,ENFLHNSIFVPR
4xst_F,ESSFRKTFEDYLHNVV
4xt9_B,KILHRLLQ
4xtr_G,RWRVYLLIVLLVMLLFIFLIMK
4xvj_A,RQLINTNGSWHIN
4xw4_B,TTYADFIASGRTGRRASIHD
4xw5_B,TTYADFIASGRTGRRACIHD
4xw6_B,TTYADFIASGRTGRRACIHD
4xxc_B,DELEIKAY
4xxd_C,KLVFFAEDVGS
4xyn_P,RTEAWKVLS
4xz1_B,LYNELNLGRREEYDVLD
4y18_I,GEYSRSPTF
4y19_C,QPLALEGSLQKRG
4y1a_C,LQPLALEGSLQKRG
4y1c_C,KIDNP
4y1d_D,KLDNV
4y29_B,KSLLQQLLTE
4y2g_B,YSRSPTF
4y32_C,RTPSLPT
4y3b_C,RTPSLPT
4y3o_C,GGGNHQHIGKP
4y49_E,SYSMEH
4y5i_F,RTPSLPT
4y6l_C,TARSTG
4y6o_C,LPKTGG
4y7r_B,EEIDVVSV
4ycw_C,PMYQVKPYH
4ydv_P,WGCSGKLICTT
4yes_H,DFEEIPEEYLQ
4yf9_B,FEPGRTRAPSLQVGG
4yfa_B,FEPGRTRAPSLQVGGE
4yfb_B,FEPGRTRAPSLQVGG
4ygw_b,KETAAKFEQHMDS
4yhp_P,ARTKQTARST
4yhz_P,ARTQTARK
4yj4_B,IWIAQELRRRGDSFNAYY
4yje_B,LTGCGDIIAE
4yjl_G,PRDSYSGDALYEF
4yk6_B,YQGGGEEMALP
4yk9_B,IWIAQELRSRGDSFNAYYA
4yl6_B,DEQEALNSIMNDLVALQM
4ym4_B,MTSFEDADTEET
4ynk_C,NHPMLMNLLK
4ynl_D,ERGSGR
4yo0_E,GVAMPGAEDDVV
4yoo_X,ASLLSFEKLDRASADLWP
4yos_E,SLLSFEKLDRASP
4yoz_B,DLYCYEQLN
4yr6_C,KLRGVLQGHL
4ysi_B,SPGEGPSG
4yuu_1_III_S,LLAAALALVAVVFAVVLALFAAWAA
4yuu_1_III_T,WFAVSAVALVVVAAVLVAVAA
4yuu_2_III_NA,AAWFAVSAVALVVVAAVLVAVAAAA
4yuu_3_III_FB,WQVIVQLVFLALIITTGPVIIVYLS
4yuu_3_III_IB,FAVSAVALVVVAAVLVAVAAA
4yuu_4_III_EC,WFAVSAVALVVVAAVLVAVA
4yv9_E,ALLVTGLVLA
4ywc_C,SVPQARKASLARFLEKRKERLM
4yxb_C,VFQQLG
4yxr_I,TTYADFIASGRTGRRNAIHD
4yxs_I,TTYADFIASGRTGRRNAIHD
4yy6_Z,GRGGGGLG
4yyd_Z,GRGGGGLG
4yyi_C,GKGGKG
4yym_Z,GGGLG
4yyn_Z,SGRGGGGLG
4yz6_B,LPIARRASLHRFLEKRKD
4yzh_B,RKTVAKPKGP
4z09_C,CFTARMSPPQQIC
4z0d_C,CWTTRMSPPQQIC
4z0e_C,CTTRMSPPQQIC
4z0f_C,CTTRMSPPQQIC
4z0r_2_III_D,ARTKQTARKS
4z0x_C,TGWLAGLFYQHK
4z0y_E,VFTTPCDP
4z0z_E,VFTTPCDPEY
4z10_G,DGVFTTPCDPEY
4z2o_P,VATVSESLLTE
4z2p_P,ATVSESFLTE
4z2v_P,ATVSESLLTE
4z33_C,KGETAV
4z5w_Q,YIYTQ
4z61_Q,YIYTQ
4z63_P,YIYTQ
4z64_P,YIYTQ
4z68_E,EIREQGDGAEDE
4z76_C,LYLVCGERV
4z77_C,LYLVCGERV
4z78_C,LYLVCGERGF
4z7i_C,KHHAFSFK
4z7u_J,APSGEGSFQPSQENPQ
4z7v_J,SGEGSFQPSQENP
4z7w_J,PSGEGSFQPSQENPQ
4z83_I,TTYADFIASGRTGRRNAIHD
4z84_I,TTYADFIASGRTGRRNAIHD
4z88_M,RKLPEIPKNKK
4z89_a,GRRLPPTPSKPS
4z8a_B,IGRRLPPTPSKPSTL
4z8j_B,EEWETVM
4z8m_C,HGPEENEYK
4z96_C,NKGKGKGK
4z97_C,GKGKGQGK
4z9v_C,SDIYKIREIADGLCL
4zbj_D,IQDLIDMGYGYDESDSFIDNS
4zdu_B,SQGTKRSYEQME
4zfz_C,GGAIS
4zhb_B,VDAVN
4zhl_P,CPAYSRYIGC
4zhm_P,CPAYSAYIGC
4zi1_B,SLIDLLAD
4zie_C,RPEIWIAQELRRIGDEFNAYYA
4zif_B,PEIWIAQELRRIGDEF
4zig_B,QEDIIRNIARHLAQVGDSMD
4zih_B,PEIWIAQELRRIGDEF
4zii_C,SESQEDIIRNIARHLAQVGDSMDR
4zj7_B,GSIKK
4zjx_B,CRWTKCL
4zkn_P,CSARGLENHRMC
4zks_P,CSARGLENHAAC
4zn7_C,KILHRLLQD
4zn9_C,HKILHRLLQD
4znh_C,KILHRLLQD
4zns_C,HKILHRLLQD
4znt_C,KILHRLLQD
4znu_C,KILHRLLQD
4znv_C,KILHRLLQD
4znw_C,HKILHRLLQD
4znx_E,APPLPPRNRP
4zny_B,YVEPTAPQVL
4zo1_A,HKILHRLL
4zox_B,ARRPARCYRYQKNK
4zoz_Y,ARRPARCYRYCK
4zqw_A,SKEYALSGRELT
4zri_C,GPYQKALREIRYSLLPFANE
4zrk_E,PKFGTHHKALQEIRNSLLPFA
4zrt_B,GPLYDE
4zsh_B,KHKILHRLLQD
4ztd_D,AFQAKLDTFLWS
4ztd_F,AGAGA
4zto_P,GKAMYAPPIRG
4zu1_A,TFEYGDGI
4zuh_C,SAVLQSGF
4zus_C,QAEVLQERLEW
4zut_C,GSQKLTTGNCNW
4zuu_C,CTSEEMNAF
4zuv_C,RVEDVTNTAEYW
4zuw_C,GSQKLTTGNCNW
4zw2_B,QQLEEDLRGYMSWITQGE
4zzj_B,RHKKLLF
5a0e_C,ALLVGLVLA
5a0x_C,EVNPPVP
5a29_B,HHHHHHHSSGLVPRGSHA
5a2i_P,APDSRP
5a2j_P,APDTRP
5a2k_P,APDTRP
5a2l_P,APDCRP
5a2m_I,DFEEIPEEYL
5a2p_G,APTNEFYA
5a53_B,SVMTLLQLPDPTTDLPREKPLP
5a86_C,SLTERHKILHRLLQE
5ab0_E,KHHAFSF
5ab2_C,GPGRAF
5acz_C,GRAEEYGADTL
5ad0_C,GHAEEYGADTL
5adx_d,MADPKYADLPGIARNEPDVY
5aei_D,KRKRKRKRKR
5aer_B,NIEFRKAFLKILHS
5af9_I,DFEEIPEEYLQ
5afg_B,TFAEYWAQLAS
5afp_C,LETVVANSAFIA
5afu_d,MADPKYADLPGIARNEPDVY
5afw_B,TSRRRA
5afy_I,GDFEEIPEELQ
5afz_I,FEEIPEEL
5agu_C,VLLVPG
5agv_C,VLLVG
5agw_C,IIAQLRIGDFNYYA
5agx_D,IIAQLRIGDFNYYARR
5ah2_G,VLLVPG
5ah4_C,VLLVG
5ahg_I,DFEEIPEEYLQ
5ajk_B,SSTMGQVGRQLAIIGDDINRRYD
5ajn_P,GTTPSPVPTTSTCSAA
5ajo_B,AGTTPSPVPTTSTTSAA
5ajp_B,TTPSPVPTTSTTSAA
5anr_C,EEEPEWFSAGPTSQSETIELTGF
5aph_C,KHKILHRLLQDS
5apj_C,KILHRLLQDS
5apk_D,VERLQIFQHLHPI
5apr_I,PFCLF
5aul_B,DYMNMT
5aum_C,RENLYFQGKDG
5avi_B,SLTERHKILHRLLQE
5avl_B,SLTERHKILHRLLQE
5awj_C,KNHPMLMNLLK
5awk_C,KNHPMLMNLLK
5awt_B,YDPFGGDPFK
5awu_B,YDPFKGSDPFA
5ax3_B,LVKKYILALWNE
5az8_B,PRLSRLLSYAGC
5azg_C,DFTFL
5azt_C,RHKILHRLLQE
5b16_B,MANLHILSKLQEEMKRLAEEREETR
5b1z_C,KDWEELGEEIRLKVFV
5b38_C,LSSPVTKSF
5b39_C,LSSPVTKSF
5b41_C,KNHPMLMNLLK
5b4w_G,WRPRVARWTGQIIYCS
5b56_C,QQRRTRNGASKS
5b5b_C,KNHPMLMNLLK
5b6c_B,FRAFSGSGNRL
5b6g_B,AGEAYE
5b75_B,ARTKQTARKSTGGAPRKQLATKAA
5b77_B,ARTKQTARKSTGGAPRKQLATKAA
5b78_B,ARTKQTARKSTGGAPRKQLAT
5bk0_E,ANPNANP
5bn6_A,QSGKSQTVIVGPWGAQV
5bnw_D,SSRVTVS
5bpu_H,EEEEEEE
5brm_G,GTMKRNATSPQVQRPSFMDYFD
5brz_C,EVDPIGHLY
5bs0_C,ESDPIVAQY
5bs2_R,WKEIKF
5bs7_1_III_F,IEDEGEPQEEISKHIREIFGYD
5buo_1_III_B,FSLDDLQPWHSF
5bwn_B,TARSTGGW
5bwo_B,TARKSTGGW
5bx6_B,TTYADFIASGRTGRRNAIHD
5bx7_B,TTYADFIASGRTGRRNAIHD
5bxo_C,REAGDGAE
5bxu_B,REAGDGAE
5c07_C,YQFGPDFPIA
5c08_C,RQWGPDPAAV
5c09_C,YLGGPDFPTI
5c0a_C,MVWGPDPLYV
5c0b_C,RQFGPDFPTI
5c0c_C,RQFGPDWIVA
5c0d_C,AQWGPDPAAA
5c0e_C,YQFGPDFPIA
5c0f_C,RQWGPDPAAV
5c0g_C,YLGGPDFPTI
5c0i_C,RQFGPDFPTI
5c0j_C,RQFGPDWIVA
5c11_B,ARTQTA
5c13_P,ARTQT
5c1b_V,FRAFSGSGNRL
5c1d_C,VTPVSTAA
5c26_B,EVYESP
5c27_D,EVYES
5c3f_B,EDIIRNIARHLALVGDLLDRSI
5c3g_B,IAQELRLIGDLFNAYY
5c56_B,GPRKCARKTRHAE
5c5e_G,DEKSELSRIVRGVQEK
5c6d_C,SPRTGKGKWKRKS
5c6h_B,PGVMTQEVGQLLQDMGDDVYQQYRS
5c6v_E,GLELSLG
5c7e_G,SETELDLALG
5c7f_E,TELRLGLPG
5c7z_B,QYKSIL
5cfa_C,SKQFTSSTSY
5cfc_D,GNEGVIINNYYSNQYQNSIDLSAN
5cfd_D,GNEGVIINNYYSNQYQNSIDLSAN
5cha_A,CGVPAIQPV
5cil_P,NWFDITNWLWYIK
5cin_P,NWFDITNWLWYIKKK
5ciu_D,TGGVKP
5cj6_B,GAFQNLFQSV
5cjb_1_III_B,GPPGPPGPPGPPGPAGFPGPPGP
5cjb_1_III_C,GPPGPPGPPGPPGPAGFPGPPG
5cjo_a,GIVEYQL
5co5_F,GCCSHPACAGNNQHIC
5cq2_B,TPEAPPCYMDVI
5cqx_C,HENIDWGEPKDKEVW
5cqy_C,HENIDWGEPKDKEVW
5crv_C,NVKVLEALELYNKLVNE
5crw_B,GKTKEGVLYVG
5csi_C,GAMAATYSRRVRKLP
5csj_C,GAMAATYSESSILAQRRVRKLP
5csn_C,AMAATYSALNSSKPTPQLK
5csz_D,DAEFRHDSGYE
5cvd_D,PRRRS
5cve_D,PKTSGKA
5cx3_E,RPPDDAVFDIITDEELCQIQ
5cxt_B,RKYWDVPPP
5cxv_C,DYKDDDD
5czh_B,DEEDYYEIP
5czi_B,DHQYYND
5d0j_L,EGYDNSC
5d13_E,KKETEV
5d2a_C,APAKFC
5d2d_C,RISVISTGRRRQSVLNLMT
5d2l_Q,NLVPMVATV
5d2m_1_III_G,DIQFVSEGPLRPVLEYIDLVS
5d2n_G,NLVPMVATV
5d3e_C,RQSVLKVSLAP
5d3f_C,PRISVISRRRQSVLNLMT
5d6y_a,QLATAARK
5d7e_C,AQTARKST
5d7f_P,GPWDSVARVL
5d8h_1_III_D,IAAASTCTAA
5d94_B,DAVFDIITDEEL
5d9s_C,FVLELEPEWTV
5dah_D,LATKAARKS
5dai_B,KQRTLESWF
5dbe_A,FEYGDG
5dd0_P,LLELDKWASLW
5ddh_C,FVLELEPEWTVK
5ddz_B,GFGLFD
5de2_C,GWLRKELENAEFIPMP
5def_C,RRKWRRWHL
5deg_C,RRKWRRWHL
5df6_B,TYTEVD
5dh9_D,SFDMNELALKLAGL
5dha_D,MIDILSSELSHMDF
5dhf_D,FEMTEFNQALEEI
5dhm_2_III_C,RSIEISIRVDDFTKTGETVRY
5di7_C,HKILHRLLQD
5di9_D,GKIEELAQNFETMEFS
5did_C,HKILHRLLQD
5die_C,HKILHRLLQD
5dif_D,RTFDMHSLESSLIDI
5dig_C,HKILHRLLQD
5diy_P,VPYSS
5dk9_C,KILHRLLQD
5dkb_C,HKILHRLLQD
5dke_C,HKILHRLLQD
5dkg_C,HKILHRLLQD
5dkp_O,FSPAA
5dks_C,KILHRLLQD
5dl4_C,HKILHRLLQD
5dlm_X,SLLTEVETP
5dlr_C,HKILHRLLQD
5dmc_C,HKILHRLLQD
5dmf_C,HKILHRLLQDSS
5dmg_P,MVDSPQLATLAD
5dms_B,KTSTI
5dmv_D,LVTSTIKTDVV
5dow_B,NKALKKIRKLQKRGLIQMT
5dp0_C,KILHRLLQD
5dpw_B,EDEWVNVQY
5drj_C,HKILHRLLQD
5drm_C,HKILHRLLQD
5drv_B,LTFGDFDE
5drz_P,IWGCSGKLICTTAVP
5dsh_B,HKILHRLLQ
5dtv_C,KILHRLLQD
5du5_C,KILHRLLQD
5due_C,HKILHRLLQD
5dug_C,HKILHRLLQD
5duh_C,HKILHRLLQD
5dv3_B,HKILHRLLQE
5dv6_B,HKILHRLLQE
5dv8_B,HKILHRLLQE
5dvc_B,RHKILHRLLQE
5dvs_C,KILHRLLQD
5dvv_C,ILHRL
5dwe_C,KILHRLLQD
5dwg_C,KILHRLLQ
5dwi_C,HKILHRLLQD
5dwj_C,HKILHRLLQD
5dwl_B,HKILHRLLQE
5dwq_F,GKAPKQLA
5dws_B,EAPPCYMDVI
5dx0_F,GKAPRKQL
5dx1_F,GAIRPAAP
5dx3_C,HKLHRLQDS
5dx8_E,GAIPAAP
5dxa_F,APPPFS
5dxb_D,HKLHRLQDS
5dxe_C,HKLHRLQDS
5dxg_C,HKLHRLQDS
5dxk_C,HKILHRLLQD
5dxm_C,KILHRLLQD
5dxp_C,HKILHRLLQD
5dxq_C,HKILHRLLQD
5dxr_C,KILHRLLQD
5dy8_C,HKILHRLLQD
5dyb_C,HKILHRLLQD
5dyd_C,KILHRLLQD
5dz0_C,HKILHRLLQD
5dz1_C,HKILHRLLQD
5dz3_C,HKILHRLLQDS
5dzd_C,TPEAPPCYMDVI
5dzh_C,HKILHRLLQD
5dzi_C,KHKILHRLLQDSS
5e00_C,GVWIRTPPA
5e0l_C,KAIDAATQTEE
5e0m_C,RSTTTQTDM
5e0u_D,RQTSMTDFYHSKRRLIFS
5e0v_C,STQGRLDDFFKVTG
5e0w_C,KILHRLLQDS
5e0x_C,KILHRLLQD
5e14_C,KILHRLLQD
5e15_C,KILHRLLQD
5e19_C,KILHRLLQD
5e1b_D,SPKRIA
5e1c_C,HKILHRLLQDSS
5e1d_D,YPKRIA
5e1m_D,PPKRIA
5e1o_D,RPKRIA
5e2a_D,PKRIA
5e2b_D,PKRIA
5e2q_B,DRVYIHPF
5e2v_P,GSPGTPGSR
5e2w_P,SPGTPGSR
5e33_B,YGGFM
5e3a_B,YGGFL
5e3c_B,IVYPW
5e4w_F,KRSKRKRT
5e50_D,AYDESTDEE
5e6q_A,GKRKLSVPKRPKLP
5e7v_B,RHKILHRLLQ
5e8n_C,MCLRMTAVM
5e8o_C,MLRMTAVM
5e8p_C,MCLRLTAVM
5e9d_C,ELAGIGILTV
5ea0_P,PPPIDNGDITS
5eay_E,NELELLMEKSFW
5ec9_B,KHKILHRLLQD
5eel_M,SFEGYDN
5eeq_L,SFEGYDNSFP
5efi_C,DFHHIREKGNHWKNFL
5eft_A,ADSVIKSDFSSLKLDV
5eg2_B,SKSDR
5egv_C,HKILHRLLQD
5ehc_B,KKRYDREFLLGFQF
5ehj_C,KILHRLLQD
5ei1_C,HKILHRLLQD
5ei3_B,KKRYDREFLLGFQF
5eib_F,KQPFLKRGEGLARFT
5eir_B,KKRYDREFLLGFQF
5eit_C,HKILHRLLQDS
5eiv_1_III_C,GPPGPPGPPGPAGFPGPPGPP
5eiv_1_III_D,PPGPPGPPGPAGFPGPPGPP
5eiv_1_III_E,GPPGPPGPPGPAGFPGPPGPP
5eiv_1_III_F,GPPGPPGPPGPAGFPGPPGP
5eiv_1_III_G,PPGPPGPPGPAGFPGPPGPP
5ejv_C,EFPYLLSLLGE
5ekf_B,SLKRKR
5ekg_B,RKRKT
5ekv_B,RIIYDRKFLMECRN
5elq_P,EDQETAV
5em9_B,SLESCF
5ema_B,DDISTVV
5emb_B,EEWSTVM
5en0_B,ILENLKDVGLF
5en7_2_III_F,QSHSENRMVRSLHRVLFKN
5enw_C,GLKEGIPAL
5eo0_C,RPMTFKGAL
5eo1_C,RPMTYKGAL
5eoc_P,CQLINTNGSWHIC
5eod_B,EFPDFP
5eok_K,HIYPDFPTD
5eoq_A,REAIVKADE
5eor_A,VQTGRRPYE
5eot_C,GLLPELPAVGG
5epp_B,SPEEMRRQRLHRFDS
5erw_C,LAGLFYQHK
5esq_E,QFDLSTRRLK
5et0_1_III_B,GQIKVLDGEDQYYKCLSPGA
5et1_C,RRRCQQPKMLSSPEDTMYYNQLN
5eta_D,GLLERRGVSELPPLYI
5etf_B,RNPGLKIP
5etu_E,CQFDESTRRLKC
5eu3_C,YLEPGPVTA
5eu4_C,YLAPGPVTA
5eu5_C,YLEPAPVTA
5eu6_C,YLEPGPVTV
5euk_E,CQHDLSTRRLKC
5euo_J,GILGFVFTL
5ev0_C,PPPPPPPPP
5eve_B,PPPPPPPPPP
5ewz_C,PRRNTLPAM
5ewz_D,RSASFS
5ex0_D,KFGKGGTYP
5ex3_D,KLGSLG
5exa_C,PRRNTLPAM
5exk_B,ESTSVSD
5eyz_E,GRETEV
5ez0_E,SKETPL
5f0l_D,QPELYLLNTM
5f0m_D,QPELYLLNTMS
5f0o_E,SQYLLQDAVTEREVLLV
5f0p_D,QPELYLMNTMSHHHH
5f1i_C,KLFSGELTK
5f1n_C,RFLDKDGFIDK
5f5v_C,TAEEVHARIEFLWQREQEKKK
5f67_C,GPGSRGKSTVTGRMISGWL
5f6k_D,FKELDENVEYEERESEFDI
5f6k_M,RTKQTA
5f6l_J,FKELDENVEYEERESEFDI
5f7d_C,GLKEGIPALD
5f88_E,CQFDYSTRRLKC
5f8t_P,CPKRFAALFC
5f8x_B,CPARFAALWC
5f8z_B,CPARFAALFC
5f9j_C,YLSPIASPL
5fa3_C,GLLPELPAV
5fa4_C,YLSPIASPLLD
5fb0_D,ARTKQTARKS
5fb1_C,ARTKQTAR
5fby_B,HSQLEVLFQGP
5fc2_A,DKSIEVGR
5fc8_C,DYMPSMKRFRKEE
5fdw_C,YLSPIASPLL
5ff6_E,CQFDLSTRRQKC
5ffv_C,STGGKAPR
5ffw_C,SGRGKGGKGL
5fgb_F,NGSWH
5fgc_A,NTNGSWHIN
5fgy_B,GVQSLKRRRCF
5fjw_L,DDWNWEMED
5fjx_E,KWDDF
5fjz_P,DWNWEV
5fkp_C,DFHHIREWGNHWKNFLAV
5fmj_B,LEPNSILGQVGRLLALIGDDINRR
5fmk_B,STMGQVGRQLAIIGDDINRRY
5fml_A,LSNDISQGIKRQRMTVESM
5fn4_G,AAAAAAAAAAAAAAAAAAAAAAAAA
5fos_C,LGTFMRADEYLKKRA
5fpi_B,QYKSIL
5fpx_E,GSSHHHH
5frp_C,LMLEDAVTEREVLVTPG
5frq_G,FIRSLF
5ft1_C,RSGQRRRSN
5fv6_C,SGLVPRGS
5fvk_C,NYSNTDPEELLRKHVFPSVPK
5fw5_C,LTFGDFDEHEVDALASGITFGDF
5fxc_P,APDTRP
5fyq_D,GEFEKYV
5fzt_B,PELDDILYHVKGMQRIVNQWSEK
5g05_T,AAAAAQLAAAAAAAA
5g1d_C,APTNEFYA
5g3j_B,ENALLRYLLDKDD
5g42_C,KILHRLLQDS
5g43_C,KHKILHRLLQDS
5g44_C,KHKILHRLLQDS
5g45_C,KILHRLLQDS
5g46_C,KILHRLLQDS
5g5w_B,ENALLRYLLDKDD
5gch_E,CGVPAIQPVLS
5gds_I,AVTDYEEIPAAYE
5gg4_E,GRKRHCKTKHL
5ggi_2_III_C,AAPTPVAAP
5ggi_2_III_D,AAPTP
5ggp_C,TPTPV
5gh9_B,RRYQKS
5ghw_P,LWNWFNITNWLWYIKLFIMIV
5gic_C,NHPMLMNLLK
5gid_C,NHPMLMNLL
5gie_C,NHPMLMNLLK
5gij_D,HEVPSGPNPISN
5gim_C,QTAVPK
5gim_D,DFEEIPSDEI
5gir_C,KPIIIGSHAYGD
5gis_C,PITIGSHAHG
5gji_B,SDYMNMTP
5gjx_C,RLIQNSITI
5gjy_C,MVLIRMI
5glf_B,RHNWGQGFRLGD
5glh_B,CSCSSLMDKECVYFCHLDIIW
5gmi_C,SSFVI
5gmj_C,KHTKSFII
5gmv_D,DSYEVLDL
5gmy_B,RYNVTAC
5gnv_B,ELEGGPYSPLGKDYRKAEG
5gow_A,YVGEDDEEDDDFNENDEDD
5gp7_B,SLSRTPADGR
5gqr_C,HEVPSGPNPISN
5gr7_C,YYSIIPHSI
5gr8_J,KQRGKEKVSSGRPGQHN
5gr9_C,HEVPSGPNPISN
5grd_C,SSCSSCPLSK
5grg_C,SSCSSC
5gs4_B,RDILARLLQ
5gsb_C,YYSIIPHSI
5gsd_C,SSCPLSK
5gsr_Q,YYSIAPHSI
5gsv_C,FYAPEPITSL
5gsx_C,FYAPEPITSL
5gtb_B,VKERVEIPFDSVVAKRDVTYGYG
5gtn_B,HKILHRLLQE
5gto_B,RHKILHRLLQE
5gtp_B,RHKILHRLLQE
5gtr_C,RDIRQ
5gtu_B,QDLMINNPLSQDEGSLWNKFFQDK
5gu4_C,GFGLFD
5h0u_B,HHHHHH
5h10_D,VPIQCT
5h1e_C,ENALLRYLLD
5h2c_B,KHYNDGERAVLQFGKN
5h2x_B,RKHKFDTSTWALPNKRRRI
5h3j_B,TRYENITFNCCNHCQGELIAL
5h43_B,RNQKRKHDEI
5h43_C,SELAEQPERKITRNQ
5h5q_B,CRVDLQGWRRCRR
5h5r_B,CRAWYQNYCALRR
5h5s_B,VPCPYLPLWNCAGK
5h5z_C,FANFCLMMI
5h6q_C,SRTMQTARKSTGGKA
5h6r_C,RTMQTARKSTGGK
5h7g_C,LWYTDIRMSWRVP
5h7l_E,LAGLSALFG
5h7y_B,DLFASIGALWTWAWRGPKARQELLK
5h94_C,KMNTQFTAV
5h9d_K,KHYLHDIQKSYLKSRGN
5haw_1_III_D1,DYLDIPAFLR
5haw_1_III_E1,LDIPAFLR
5hax_B,RKAKLLPMEEALLP
5hb0_E,KLVINKDMRTDLFSPPN
5hb3_2_III_D,PTIAAADKIFSNWLASQ
5hda_B,SMPELSPV
5hdt_E,KTYSR
5heb_B,NYKQTSV
5hed_B,KNYKQFSV
5hey_B,KNYKQTSV
5hf1_B,NYKQFSV
5hf3_B,RTPSLPT
5hfb_B,YKQTSV
5hfc_B,NYKQFSV
5hfe_B,KNYKQTSV
5hff_B,KNYKQFSV
5hga_C,RFPLTFGW
5hgb_C,RYPLTFGW
5hgd_C,RFPLTFGWCF
5hgh_C,RYPLTFGWCF
5hgv_B,YPGGSTPVSSANMM
5hh7_P,ARTKQTARK
5hhg_C,DYMPSMKRFRREE
5hhm_C,GILGLVFTL
5hhn_C,GILGLVFTL
5hho_C,GILEFVFTL
5hhp_C,GILEFVFTL
5hhq_C,GIWGFVFTL
5hi3_I,IHVTIPADLWDWIN
5hi4_I,IHVTIPADLWDWIN
5hi5_I,IHVTIPADLWDWIN
5hit_B,APLILPPDHPVRRLFQR
5hjb_B,TKQTARS
5hjc_B,APRKQLATK
5hjd_L,KAPRQL
5hjs_C,SLTERHKILHRLLQE
5hkh_B,DNEWGIELV
5hky_B,HVLSLDQIRAIRNTNEYTEGPT
5hkz_B,QQVHVLSLDQIRAIRNTNEYTEGP
5hl0_B,EYTEGP
5hm1_D,AVERYLKDQQLLGIW
5hog_D,SLRNIDDILDDIE
5hoi_D,VKIQETIRKLNR
5hpm_E,QFDLSTRRLK
5hq8_I,YEKFGKGGTY
5hsv_E,TVLAALLV
5hsz_K,LDIPAFLRKQA
5htb_C,ARKKQT
5htc_C,ARKKQT
5huw_A,GPPKKRAKVD
5huy_B,ATRKRPR
5hvz_C,TVILEYAHRLSQDILCDALQQWA
5hyj_C,AQWGPDPAAA
5hyn_D,TKAARMSAP
5hyn_E,RLQAQRFAQS
5hyq_E,CQFDLSTRRLKC
5hyr_F,HKLHRLQDS
5hyx_A,DYSNPGHHPRHN
5hz0_A,DYWKPRHHPRNN
5hz1_A,DYWRAKHHPKNN
5hz3_A,DYPKPSTRPRHN
5i22_B,STVPVAPPRRRRGRNLT
5i25_B,NPISDFPD
5i2i_E,GQQDLSTRRLKG
5i3l_C,ARTKQTARKSTGGKAPR
5i7z_B,PPEERLI
5i8c_C,AVGIGAVF
5i8m_E,KCKLCLK
5i8x_E,KCKLCLK
5iaw_C,NALLRYLLDK
5iay_B,TGKGKWKRKSAGGGPS
5ib1_C,RRKWRRWHL
5ib2_C,RRKWRRWHL
5ib3_C,RRKWRRWHL
5ib4_C,RRKWRRWHL
5ib5_C,RRKWRRWHL
5ic3_C,RRETQV
5ick_D,NALLRYLLDK
5icx_E,QFDLSTRRLRC
5icy_E,SQFDLSTRRLK
5icz_E,GQFDLSTRRLKG
5id0_E,QFDLSTRRLK
5id1_F,QFDLSTRRLKC
5ieh_C,REFSKEPEL
5iek_C,REFSKEPEL
5ifj_C,PLQPEQPFP
5ig7_C,PLQPQQPFP
5ig9_I,ALPFFARFLSVS
5igo_U,SDQIVPEY
5igq_U,SDQIVPEYQED
5ii0_D,TPRTNTGSGT
5ijk_X,LQPEQPFP
5im7_E,QASQEVKNW
5inc_E,QATQEVKNW
5ind_E,QASQDVKNW
5iok_C,QTARST
5iop_E,GQDLSTRRLKG
5ip7_Q,FIKRDRMRRNFLRMR
5ip9_Q,FIKRDRMRRNFLRMR
5iq9_C,ASLWNWFDITNWLWYIRR
5iql_B,AARSAPA
5iqm_F,ADSRIRIRGYVRN
5iqn_B,SRIRIRGYVR
5iqo_B,ADSRIRIRGYVRNNG
5ir1_E,GQDLSTRRLKG
5iro_B,LLFGYPVYV
5isz_C,GILGFVFTL
5itf_E,GQDLSTRRLKG
5iue_K,ILRWEQD
5iv2_E,GQFDLSTRLKG
5ivn_B,DRKAAVSHWQ
5ivx_P,RGPGRAFVTI
5ivz_E,GQFDLSTRLKG
5ix1_P,ARTQTARK
5ix2_P,ARTKQTARKS
5ixq_B,PIPPSAPSKRHN
5ixt_B,PIPPSAPSKRHN
5iy4_B,SHQNVLSNYFPRVS
5iyv_B,LVPPSGPSMRHN
5iyx_B,YVPIPPSAPSKRHN
5iz0_C,EFPYLLSLLG
5iz6_B,AGEALYE
5iz8_C,AGEALAD
5iz9_B,GGEALAD
5iza_B,GGEALAW
5izu_B,ADSIEIYIPEAQTRL
5j19_D,AAFSSTPK
5j31_C,GLDLDLAS
5j3h_B,SLDESFYDWFERQL
5j3q_B,HSPAASNLPIPTFL
5j3t_C,SILYAGPTFTHSPAASNLPIPTFLH
5j3v_C,TGGKAPRKQLATKAARK
5j4t_B,QSGISQTVIVGPWGAK
5j4x_B,QSGISQTVIVGPWGAK
5j50_B,QSGISQTVIVGPWGAK
5j51_B,SGISQTVIVGPWGAK
5j5x_B,ARRRR
5j6g_F,VGITNVDL
5j6h_F,VGITNVDL
5j7j_B,MDCLCIVTTKKYRYQDEDT
5j9k_C,NLIYLDLNL
5j9q_L,SGAKD
5j9s_B,AARKSA
5ja5_B,DNLIYLD
5jbt_X,KAVCSQEAMTGPCR
5jcy_B,RPRVLLKAPTLAEMEEM
5jej_C,QEPELLISGMEKPLPLRTDWS
5jek_C,SGCFEDLAISASTS
5jel_B,SPASLASNLEISQS
5jeo_B,EEFELLISNS
5jer_B,EEFELLISNS
5jfd_I,DFEEIPEEYLQ
5jfi_C,HEVPSGPNPISN
5jge_2_III_F,GPMEEQREILEQLKKTLQMLTVY
5jhd_C,GILGFVFTL
5jhf_G,SSSFGRLR
5jhf_I,PFKAGSVGS
5jhn_F,KQTARAST
5jhp_E,DNLIYLDLN
5jhq_E,GYRQSPDGACSV
5ji0_E,SLTERHKILHRLLQEGSPS
5jin_F,KQTARMST
5jiu_C,ESSDSQ
5jiy_F,KQTARLST
5jj0_F,KQTARMST
5jjm_G,SLQFLLD
5jjy_B,APSTGGVMKPHRYR
5jlb_B,APSTGGVIKPHRYR
5jlz_E,SKGLFAAVPSGAS
5jm1_B,SGISQTVIVGPWGAK
5jm4_D,QGDLDLA
5jme_F,GCCSHPACSVNHPELC
5jmm_F,KILHRLLQE
5jnb_1_III_H,FRFDDYVEGAKRFDNLANLIRSSTP
5jp2_E,FQSDPFVGSDPFKDDPFG
5jp4_B,AMSFHSPAASNLPIPTFLH
5jqa_B,RRKWQKTGNAVRAIGRLSSM
5jqi_G,ADVTITVNGKVV
5jqy_B,GKCKDGLGEYTCTSLEGF
5jr2_E,PYCVYRSWSC
5jr4_B,ADVTITVNGKVVA
5jtc_B,GKCKDGLGEYTCTSLEGF
5jth_B,RRKWQKTGNAVRAIGRLSSM
5jtm_E,MKQSTIALALLPLLFTPVTKARTPE
5jtp_E,NVVGLTDQTDLFYTMKAALGLK
5jub_1_III_C,LPYFAGCL
5jub_1_III_D,LPYFAGCL
5jwd_C,WLVTNGSYL
5jwe_P,CSANNSHHYI
5jwp_B,QLTSYDAEVNAPI
5jxt_R,GAKRH
5jz8_B,GKCKDGLGEYTCTCLEGF
5jzi_C,KLVALGINAV
5jzu_B,GKCKDGLGEYTCT
5jzy_I,GDFEEIPEEYLQ
5jzz_B,AKDGLGEYTCTSLEGFE
5k2m_1_III_K,ELPEVEEDWGE
5k2m_1_III_M,LPEVEEDWG
5k2m_3_III_K,ELPEVEEDWGE
5k2m_3_III_M,LPEVEEDWG
5k4f_C,RRETQV
5k6s_B,KKLSPIIEDDR
5k99_C,RTGNA
5k9s_B,TNKKMRRNRFK
5kc1_3_III_G,SPINDPLLMSILNRLQFNLNNDIQ
5kcc_C,KILHRLLQDS
5kcd_C,HKILHRLLQD
5kce_C,HKILHRLLQD
5kcf_D,HKILHRLLQD
5kct_C,HKILHRLLQD
5kcu_C,HKILHRLLQD
5kcw_C,HKILHRLLQD
5kd4_P,IGPGRAFYVI
5kd7_P,IGPGRAFYV
5kd9_C,HKILHRLLQD
5kds_G,TAPGG
5kez_B,YPYSCWVRH
5kgn_C,YDYPGDYCYLY
5kjh_D,KAARSAP
5kkl_D,AARSAPA
5klr_A,FPAKKRKV
5klt_A,FPAKKMKV
5knm_N,ILRWEQ
5koa_D,DYLDIPAFLRKQ
5kog_P,QTARS
5kq1_C,EPPSPSVLPKPPSHWVPVSFNP
5kq4_F,EPPSPSVLPKPPSHWVPVSFNP
5kr9_C,HKILHRLLQDSS
5kra_C,HKILHRLLQD
5krc_C,HKILHRLLQD
5krf_C,HKILHRLLQD
5krh_C,HKILHRLLQD
5kri_C,HKILHRLLQD
5krj_C,HKILHRLLQD
5krk_C,HKILHRLLQD
5krl_C,HKILHRLLQD
5krm_C,KILHRLLQD
5kro_C,KILHRLLQD
5ks9_J,APSGEGSFQPSQENPQ
5ksa_J,QPQQSFPEQEA
5ksb_J,GPQQSFPEQEA
5ksu_C,PVSKMRMATPLLMQ
5ksv_C,MATPLLMQALPM
5kvm_B,TYFAVLMVS
5kwn_U,EEIRRVPEF
5kzp_A,CQLINTNGSWHINCK
5kzt_C,SDESKG
5l0y_6_III_J,PTVEEVD
5l11_C,NALLRYLLDKD
5l6n_I,DYDEYEEDGTTPTPDPTAPTAKPR
5l7e_B,KSLLQQLLTE
5l7g_B,KSLLQQLLTE
5l7h_B,KSLLQQLLTE
5l7k_B,GTASSL
5l83_C,DWEIV
5l9b_C,LDLEMLAPYIPMDDDFQL
5l9v_C,DACTLLAPAAGDTIISLCF
5la9_C,DACTLLAPAAGDTIISLCF
5las_C,DACTLLAPAAGDTIISLCF
5lax_E,SKGLFRAAVPSGAS
5lce_I,DFEEIPEEYLQ
5lcp_B,TTYADFIASGRTGRRNAIHD
5lcq_B,TTYADFIASGRTGRRNAI
5lcr_B,TTYADFIASGRTGRRNAIH
5lct_B,TTYADFIASGRTGRRNAIHD
5lcu_B,TTYADFIASGRTGRRNAIHD
5lde_R,LQVAYHLFQYDNHIKSSC
5len_C,PKRPTTLNLF
5lga_B,KHKILHRLLQ
5lgp_E,QNMPGAIRPAA
5lgq_F,AAPRPPFS
5lgr_E,QNMPGAIRPAA
5lgs_E,AAPRPPFS
5lhz_D,QDRQLRLLQAQIQRLLEAQSLM
5li1_B,LAFQREGFGRQSMSEKRTKQ
5lih_F,RMRPFKRQGSVRR
5ljn_C,DVDLYTDS
5lm1_B,NIKSLSFPKL
5lm5_C,SSSPGQLLDILNSK
5lmf_D,TAHSNSQALLDLLKKPT
5lmg_D,SGSNELLSILHRK
5lpd_I,DFEEIPEEYLQ
5ls6_Q,LQAQRFAQS
5ls7_A,SMIRTMLQGKLHRVKVTHADLHYEG
5lsj_1_III_E,LDHLKNGYRRRFC
5lso_C,KSRWDE
5lsp_X,TRECKEALA
5lsw_B,EGGIDSGMMLQLEKNLVDIVD
5lu1_C,RRASAPLP
5lu2_C,RRASAPLP
5lug_F,ARTQTA
5lum_F,EIPVPVQPS
5lvf_B,PSYSPTSPSYSPTSPS
5lvp_F,FPQFSYSA
5lw1_C,PKRPTTLNL
5lx2_B,TASNPK
5lxh_E,EDEDFEILSL
5lxi_C,EDEDFEILSL
5ly1_E,YVYNTRSGWRWYT
5ly2_E,YVYNTSGWRWYT
5ly3_B,GGIGENEWVKILRSKR
5lyn_C,PTVEEVD
5lyq_B,HKILHRLLQD
5m00_P,KAVANFATM
5m01_P,KAPANFATM
5m02_P,KAPFNFATM
5m0b_B,TTYADFIASGRTGRRNAIH
5m0c_B,TTYADFIASGRTGRRNAIH
5m0j_1_III_E,NNKRRSFYTASPLLVLPGVKR
5m0j_1_III_F,NNKRRSFYTASPLPGV
5m0j_1_III_G,NKRRSFYTASPSPVLPGVKRTA
5m0j_1_III_H,RSFYTASPLLPVLPGVKRTA
5m0l_B,TTYADFIASGRTGRRNAI
5m0u_B,TTYADFIASGRTGRRNAIHD
5m35_C,LYRSPSMPEN
5m35_D,RSPSMPE
5m36_C,SRSGLYRSPSMPENLNRPR
5m37_C,SRSGLYRSPSMPENLNRP
5m5g_D,KAARSAP
5m5r_C,GDLLNLDL
5m5s_E,ETLLDLD
5m5t_E,ETLLDLD
5m5u_E,SDILFPA
5m5v_E,LPLLES
5m61_E,ETLLDLDFD
5m6v_B,TTYADFIASGRTGRRNAIHD
5m6y_B,TTYADFIASGRTGRRNAIHD
5m71_B,TTYADFIASGRTGRRNAIHD
5m72_1_III_B,KPLFFDLALNHVAFPPLEDKL
5m75_B,TTYADFIASGRTGRRNAIH
5m9d_B,TSPSYSPTSPSYSPTS
5m9e_E,RRSLAGSMLQKPTQFSRPS
5mav_G,KDSKITDHFMRLPK
5mbw_B,EVNVAEPK
5mco_B,ALYPYFLPI
5mcq_D,GGGYPYFIPKGKGEVNVAEP
5men_C,ILAKFLHWL
5meo_C,ILGKFLHRL
5mep_C,ILGKFLHWL
5meq_C,ILAKFLHTL
5mer_C,ILAKFLHEL
5mf9_B,GMRPPPPGIRG
5mff_E,RRRRRRRRRR
5mfg_E,RRRRRRRRRR
5mfh_E,RRRRRRRR
5mfi_C,KRKRKRKR
5mfj_C,RKRKRK
5mfk_C,KRKRKRKR
5mgx_A,DTEMEEVD
5mhc_P,KLMFKTEGPDSD
5mhi_B,AGRTGRRQAIHDI
5mhl_K,FVKVIG
5mhm_H,LILPW
5mhn_H,LILPWP
5mho_G,LILPWP
5mj5_B,KHKILHRLLQDS
5mjt_D,DFEEIPEEYLQ
5mjy_F,ENYFQAEAYNLDKVLDEFEQ
5mk0_B,DSYFKAAVSDLDKLLDDFEQ
5mk1_E,EALKQLAEWVS
5mk3_E,DDIKQLAAWAT
5mk4_B,KHKILHRLLQ
5mkj_B,KILHRLLQD
5mku_B,HKILHRLLQDS
5mls_D,DFEEIPEEYLQ
5mm6_I,DFEEIPEEYLQ
5mmw_B,KILHRLLQ
5mn9_C,LGLTDLELAQQLQQEEYQQ
5mo3_A,KHVPGGGS
5moc_P,KLMFKTEGPDSD
5mp1_B,HVPGGGS
5mp3_D,KHVPGGGSV
5mp5_K,HVPGGGS
5mr8_C,ARTKQTARK
5mt6_B,RVRHA
5mt8_B,RVRHA
5mtw_E,EVPTWHRLSSYR
5mu0_Q,PGARGLTGPG
5mu2_X,PGPPGGRGLTGPIGP
5mu3_1_III_C,NEIYQQDKIDFNLKLKTDFSKPLI
5mub_X,PPGARGLTGP
5mv3_X,GPPGGRGLTGPIGP
5mv4_X,PGERGETGPPGP
5mx2_Y,AMIGIAGPMIIFLLAVRRGNL
5my4_C,EFRHDS
5myc_P,KSNSISVGEFYR
5myk_C,EFGHDS
5myo_E,EFRHDSGYEV
5myx_E,EFRHDSGYEVHH
5mzl_B,RKRRRHPS
5mzm_C,MCPRMTAVM
5n10_F,FPATV
5n1d_B,TTYADFIASGRTGRRNAI
5n1e_B,AGRTGRRQAIHDI
5n1k_B,AGRTGRRQAIHDI
5n1l_B,AGRTGRRQAIHDI
5n1m_B,AAGRTGRRQAIHDI
5n1n_B,AGRTGRRQAIHDI
5n1o_B,AAGRTGRRQAIHDI
5n1w_D,VIGAKK
5n1y_C,MVWGPDPLYV
5n22_E,GAKKDQYFL
5n23_B,TTYADFIASGRTGRRNAIHD
5n2v_C,ILYAGPTFTHSPAASNLPIPTFL
5n32_B,AAGRTGRRQAIHDILV
5n33_B,AGRTGRRQAIHDI
5n36_B,AAGRTGRRQAIHDI
5n37_B,AGRTGRRQAIHDI
5n39_B,AGRTGRRQAIHDI
5n3a_B,AGRTGRRQAIHDI
5n3b_B,AGRTGRRQAIHDI
5n3c_B,AGRTGRRQAIHDI
5n3d_B,AGRTGRRQAIHDI
5n3e_B,AAGRTGRRQAIHDI
5n3f_B,GRTGRRQAIHDI
5n4b_D,WTAEHVDQTLASGNDIC
5n4d_C,PWTAEHVDQTLASGNDIC
5n4n_B,RKRRRHPSG
5n4o_B,RKRRRHPSG
5n4r_E,RKRRRHPSG
5n4u_B,RKRRRHPSG
5n4v_D,RKRRRHPSG
5n4x_B,RKRRRHPS
5n4y_B,RKRRRHPS
5n4z_B,RKRRRHPSG
5n50_B,RKRRRHPSG
5n51_B,RKRRRHPS
5n52_B,KRRRHPS
5n5l_B,RKRRRHPSG
5n5m_B,RKRRRHPSG
5n5r_P,SHSSPASLQ
5n5t_P,SHSSPASL
5n5w_P,RSHSSPASLQ
5n6b_C,LLWNGPMAV
5n74_I,LRPPTPL
5n75_P,RSHSSPASLQ
5n7b_I,APDRP
5n7f_C,LPSTTL
5n7g_C,LPSTTL
5n7p_B,AGRTGRRQAIHDI
5n7u_B,AGRTGRRQAIHDI
5n7x_D,EWVHPQFEQKA
5n85_B,DNGIDDAYFLEA
5n89_C,GNSFDDWLASKG
5n8b_E,AFPDYLAEYHGG
5n8e_E,RDPAPAWAHGGG
5n8j_P,GLAVDESS
5n8w_C,GGWHDEATWK
5n99_C,NQPWQ
5naf_E,HETVLPIKKRK
5nas_C,KRTASNPK
5nc2_I,PPPPTE
5nc7_L,WPPPPTEDEL
5nc7_Z,WPPPPTE
5ncl_D,DFKFP
5nd0_C,PPTEDE
5ndt_B,RKRRRHPSG
5ney_E,CWWKKKKKWWCA
5nf0_E,CWWKKKKKWWC
5nfp_B,ENALLRYLLDKDD
5nft_B,ENALLRYLLDKDD
5nht_P,ELAGIGILTV
5ni5_C,KHKILHRLLQDS
5ni7_C,KHKILHRLLQDS
5ni8_C,KILHRLLQDS
5ni9_C,KRIAKAVNEKSCNC
5nib_C,KILHRLLQDS
5nif_3,WRSYYA
5nig_C,KIAKAVNEKSCNCL
5nin_D,AWASLKRLVTR
5njc_E,VLEDRI
5njf_E,AAAAA
5njj_H,AYIGPYL
5njk_G,AYIGPYL
5njx_B,DTSRMEEVD
5nkp_D,ECEETEVDQH
5nl1_H,RETIFEASKKVTNSLSNLISLIG
5nma_B,RHKILHRLLQ
5nme_C,SLYNTVATL
5nmf_C,SLYNTIATL
5nmg_C,SLFNTIAVL
5nmh_C,SLYNTIATL
5nmi_K,RNWVPTAQLWGAVGAVGLVSAT
5nmk_C,SLFNTIAVL
5nnc_C,KSTGGKAP
5nnd_D,ARKSTGGKAP
5nne_C,GKAKGKKTQM
5nnf_B,FLPHKYDV
5nng_B,VAGKYSKEFFY
5nph_A,NETDVMLLN
5npi_E,GENETDVMLLN
5npj_D,NETDVFLLN
5npr_E,VTPVCTA
5nps_D,VTPVSTA
5npz_C,EFEDLTFLA
5nq0_C,DFEREGYSL
5nq1_C,DFEREGYSL
5nq2_C,IAYERMCNI
5nq3_C,EFEDLTFLA
5nqk_P,ELAGIGILTV
5nqv_E,TELRLGLPGS
5nti_P,TLLQLLLG
5ntj_B,TTYADFIASGRTGSRNAI
5ntn_P,TLLQLLLG
5ntw_P,TLLQLLLGH
5nu1_P,TLLQLLLG
5nw8_D,TTYADFIASGRTGSRNAI
5nwi_P,YFSSN
5nwj_P,HLYFSSN
5nwk_V,YFSSN
5nwx_B,LLPPTEQDLTKLLLE
5nx1_B,EVCSEQAETGPCR
5nx2_B,GTTSD
5nx3_B,EVCSEQAETGPCR
5nxq_D,MDIIDDILELDKE
5o0e_C,TTYADFIASGRTGRRSAI
5o45_B,FGDVYGWYLCG
5o4y_A,FANPHLSWSWRCG
5o5m_C,TTYADFIASGRTGRRSAI
5o76_B,DGYTPEP
5o8k_B,ANILKPLMSPPSREEIMATLL
5o90_B,RVYPVSVPYSSVTLSLVMP
5o9s_C,GKSNSKLK
5o9t_C,CFSKPR
5o9u_C,GCSVSKKK
5o9v_C,GGCFSKPK
5oak_1_III_B,GSGVKDGVLHL
5oav_B,APPLPPR
5ob0_B,APPLPPRNRPRL
5ob1_B,APPLPPRNRPRL
5ob2_B,APPLPPRNRPR
5ock_A,CKIHAFDSGNPTVEC
5ocx_A,GEEGKGARG
5ocy_C,EPGEGLKG
5ods_E,KESALRKQSLYLKFDPLL
5ogl_B,GDQNATG
5oj5_B,FPLDLA
5ojo_C,VLEYGV
5ojr_E,NAHNFPLDLASAESAPVA
5ojr_F,NAHNFPLDLASAESAPV
5ok3_D,TYADFIASGRTGRRNAI
5ok6_C,AEGEFYKLKIRTP
5ok6_D,GEFYKLKIRTP
5okz_2_III_K,PNLIISNVGYVISGRKTFGD
5ol0_C,RHKKLMFK
5ol3_D,TTYADFIASGRTGRRNAI
5ona_C,DDQQLDHNFKQMEEHLALMVEG
5onb_B,DDQQLDHNFKQMEEHLALMVEG
5onj_D,EEEEEE
5onp_B,GAIIG
5onq_B,GAIIG
5ons_B,ADYPLRVLYCGVCSLPTEYCEYMP
5oo6_C,DPRAIVEYRDVDFF
5oob_Z,KRTQIVYSDDVYGF
5ool_1_III_TA,SREYWRRLRKQNIWRHNRLSKNK
5ooq_C,ALFHVDVEGDEI
5osi_C,EEYTPTIPPKAI
5ot3_D,TTYADFIASGRTGRRNSI
5otg_D,TTYADFIASGRTGRRNAI
5oua_B,TTYADFIASGRTGRRNAI
5ouc_E,TTYADFIASGRTGRRNSI
5ous_B,TTYADFIASGRTGKRNAI
5ov3_C,EPKQTG
5ovc_B,EAQTRL
5ovp_B,QLVTSL
5ovv_B,IESTEI
5ow5_E,IEEALQIIHS
5ow7_B,RHKILHRLLQE
5ow9_B,RHKILHRLLQ
5owd_B,RHKILHRLLQE
5owp_D,SADTRPA
5ox2_P,VEEDHVAHA
5oxw_H,ASGSFKVIYGD
5oy3_B,RKQLMTKAARKSAPATG
5q0f_H,CTTKI
5q0i_B,PSLLKKLLLAPA
5q0j_B,DHQLLRYLLDK
5q0k_B,KDHQLLRYLLDKD
5q0l_B,DHQLLRYLLDK
5q0m_B,HQLLRYLLDK
5q0n_B,DHQLLRYLLDK
5q0o_B,DHQLLRYLLDKD
5q0p_B,DHQLLRYLLDKD
5q0q_B,QLLRYLLDK
5q0r_B,DHQLLRYLLDKD
5q0s_B,DHQLLRYLLDK
5q0t_B,DHQLLRYLLDK
5q0u_B,DHQLLRYLLDKD
5q0v_B,KDHQLLRYLLDKD
5q0w_B,DHQLLRYLLDKD
5q0x_B,KDHQLLRYLLDKD
5q0y_B,DHQLLRYLLDK
5q0z_B,DHQLLRYLLDK
5q10_B,HQLLRYLLDK
5q11_B,DHQLLRYLLDKD
5q12_B,HQLLRYLLDKD
5q13_B,QLLRYLLDKD
5q14_B,DHQLLRYLLDKD
5q15_B,DHQLLRYLLDK
5q16_B,DHQLLRYLLD
5q17_B,ENALLRYLLDKD
5q18_B,DHQLLRYLLDKD
5q19_B,DHQLLRYLLDK
5q1a_B,KDHQLLRYLLDK
5q1b_B,DHQLLRYLLDKD
5q1c_B,HQLLRYLLDKD
5q1d_B,KDHQLLRYLLD
5q1e_B,DHQLLRYLLDK
5q1f_B,DHQLLRYLLDK
5q1g_B,HQLLRYLLD
5q1h_B,DHQLLRYLLDK
5q1i_B,DHQLLRYLLDKD
5qqo_H,CTTKIKP
5qtu_H,CTTKIKP
5qtx_H,CTTKIK
5qu2_D,PPPVPNPDY
5r1r_D,VGQIDSEVDTDDLSNFQL
5sup_2_III_D,AKKSLEDLDKEMADYFE
5sv1_1_III_K,PFIDVMLVLLIIFMVAAPLATVD
5sve_C,DQYLAVP
5svi_C,ARTKQTAR
5svx_B,ARTQTARKST
5svy_B,ARTQTARKST
5svz_B,GRKKRRQR
5sw9_B,PLLSPIPELPE
5swf_B,KLSPIIED
5swq_C,CVNGSCFTV
5sws_C,ASNENMETM
5swz_C,ASNENMETM
5sxm_C,ARTEVY
5syz_C,NALLRYLLDKD
5szb_H,ARTKQTARKSTGGKA
5szc_H,ARTQTARKSTGGKA
5t04_B,RRPYIL
5t0k_P,TKQTARMSTG
5t0m_P,TKQTARLSTG
5t0q_B,PIARRKSLQRFLEKRKE
5t0x_B,RAANLWPSPLMIKRSKKNS
5t1g_B,GTVALRE
5t1i_C,HRYRPGTVALREI
5t1k_E,CQFDSTRRLKC
5t1l_E,CQDLSTRRLKC
5t1m_E,CQYDLSTRRLKC
5t1z_C,HKILHRLLQD
5t2s_B,DGESTDEDD
5t5o_a,GVTSA
5t6j_C,QQLLKGLSLSFS
5t6p_F,DTRPAP
5t6w_C,SSTRGISQLW
5t6x_C,TSTTSVASSW
5t6y_C,TSTFEDVKILAF
5t6z_C,TSTLQEQIGW
5t70_C,TSNLQEQIGW
5t78_F,PDTRPAP
5t7g_P,IGPGRAFYT
5t8r_G,ARTKQTAR
5t90_F,SGCCSNPACRVNNPNIC
5tbd_I,NKENCGAA
5tbn_C,ARTQTARKST
5tdr_B,ARTQTARKST
5tdw_B,ARTQTARKST
5ted_H,GAYGAGLAH
5teg_D,KRHRLVLR
5tez_C,GILGFVFTL
5tgh_B,PAVQFFKGKNGSADQVILVTQ
5tgi_C,AVQFFKGKNGSADQVILVTQ
5tgj_B,GPAVQFFKGKNGSADQVILVTQ
5th2_E,CQFDQSTRRLKC
5til_C,KAPYNFATM
5tje_I,KAVYNFATM
5tkj_C,AVGIGAVF
5tkk_A,AVGIGAVF
5tld_C,HKILHRLLQD
5tlf_C,HKILHRLLQD
5tlg_C,KILHRLLQD
5tll_C,KILHRLLQD
5tlm_C,KILHRLLQD
5tlo_C,KILHRLLQD
5tlp_C,HKILHRLLQD
5tlt_C,HKILHRLLQD
5tlu_C,HKILHRLLQD
5tlv_C,KHKILHRLLQDS
5tlx_C,HKILHRLLQD
5tly_C,KILHRLLQD
5tm1_C,KILHRLLQ
5tm2_C,KILHRLLQD
5tm3_C,KILHRLLQD
5tm4_C,KILHRLLQD
5tm5_C,KILHRLLQD
5tm6_C,HKILHRLLQD
5tm7_C,HKILHRLLQD
5tm8_C,HKILHRLLQDS
5tm9_C,KILHRLLQD
5tml_C,KILHRLLQD
5tmm_C,KILHRLLQ
5tmo_C,HKILHRLLQD
5tmq_C,KILHRLLQD
5tmr_C,KILHRLLQDS
5tms_C,HKILHRLLQD
5tmt_C,KILHRLLQD
5tmu_C,KILHRLLQDSS
5tmv_C,KILHRLLQDS
5tmw_C,KILHRLLQD
5tmz_C,HKILHRLLQD
5tn1_C,KILHRLLQD
5tn3_C,KHKILHRLLQD
5tn4_C,HKILHRLLQDS
5tn5_C,KHKILHRLLQDSS
5tn6_C,HKILHRLLQD
5tn7_C,KILHRLLQD
5tn8_C,KILHRLLQD
5tp1_P,EPTVQFFKGKNGSADKVILVT
5tq1_B,SSVYVPDE
5tqc_B,MLRLNPY
5tqs_E,LYYWDQ
5trz_P,YQSGLSIVM
5ts1_P,YYQSGLSIV
5tsv_D,SPSGVFTFGA
5tsx_M,SPSGVFTFGAN
5tu6_B,INPYLYP
5tuv_3_III_F,ALLYKFNGSPSKSLKDINNMIRQG
5twa_D,ASSMASEVGRRLAEFGDQVDGQFYQ
5twg_E,TMIEP
5twh_E,TMVIN
5two_B,PSLLKKLLLAP
5txe_C,GPTPMVGLDSVSGQYWD
5txs_C,AQDIYRASY
5tyi_N,KFEGDNE
5tzp_B,ISSAIQVGHQLALIGDEFNRAY
5tzq_D,ARTEVQIARKLQCIADQFHRLH
5u06_L,KFEGDNE
5u1g_K,TSVKKMTFGENRDLE
5u1g_Z,MTFGENR
5u1m_B,LYASSNPAY
5u1q_L,KFEGYDNE
5u2d_C,KHKILHRLLQDS
5u2j_D,ARTKQTARKSTGGAP
5u3k_P,WASLWNWFDITNWLWYIRKK
5u3l_P,KKKWNWFDITNWLWYIRKK
5u3m_A,KELDKWASLWNWFDITNWLWYIRKK
5u3n_A,ELDKWASLWNWFDITNWLWYIRK
5u3o_A,KWNWFDITNWLWYIRKK
5u4j_1_III_C,KVEVSGRLGGAEIARTEWYRE
5u5f_D,CQFDSTRRLRCG
5u5m_D,CQFDSTRLRC
5u5p_B,SNPRKRHRED
5u5p_C,SNPRKRHRE
5u5r_B,TPNTKRFKKEE
5u5s_B,HNLLRIKQFLQS
5u66_B,FNMQQRRFYALH
5u6a_D,CQFDSTRLRCG
5u6k_L,FVPPSP
5u98_C,VTTDIQVKV
5ua5_B,STKKLSECLKRIGDELDSN
5uan_1_III_C,HKILHRLLQD
5uan_1_III_D,HKILHRLLQ
5ucl_B,YPEDEEELIRKAIELSL
5ufs_D,APAILYALLSS
5ujt_C,VEELYLVAGEEGCGG
5uml_C,LTFLEYWAQLM
5umm_B,LTFLEYWAQLMQ
5umz_E,KKRRRE
5un8_E,WVDSTPP
5unj_C,SLLKKLLLA
5uuk_B,QWVREIAAGLRRAADDVNAQVE
5uul_B,QWAREIGAQLRRMADDLNAQYER
5uum_C,QWVREIAAGLRRAADDVNAQVER
5uup_B,GVREIAYGLRRAADDVNAQVER
5uwh_D,ELDELMASLSDFKF
5uwi_D,SYEAETVSAMALLSVG
5uwj_D,VDQLRLERLQI
5uwm_C,VTPLN
5uwo_D,LRALERLQID
5uwp_D,VEALLARLRAL
5uwq_D,DLRKLCERLRGMD
5uwr_D,DLRKLCERLRGM
5uws_D,SLQELVQQFEALPGDLV
5uwt_D,VPKELMQQIENFEKIFT
5uwu_D,IDLSGLTLQ
5uww_D,LYLEEMVNSLL
5uy9_B,QASTPR
5uzk_I,TTYADFIASGRTGRRNAI
5v1d_E,PQPWRFYAP
5v1t_B,SKELEKVLESSAM
5v1u_E,MTKTYTAPTLVEYGGL
5v1v_C,MKEYRSPELKEYGRVED
5v1y_E,GPQEPEPPEPFEYI
5v1z_E,QEPEPPEPFEYI
5v21_B,APATGGVMKPHRYRP
5v22_B,APATGGVMKPHRYRP
5v2p_B,CSPLECDLKGYLDWITQAE
5v2q_B,ASPLEEDLCGYLCWITQAE
5v4b_C,PEVPPTPPGS
5v5l_E,TSTLQEQIGW
5v5m_E,TSTLQEQIGW
5v5o_A,GENGRKTR
5v5o_B,GRKTR
5v5p_A,GRRTR
5v61_I,TAQLKPIESSILAQRRV
5v62_I,QLKPIESSILAQRR
5v6l_P,HIGPGRAFYTTGEI
5v6m_P,TRKSIHIGPGRAF
5v6y_E,KDNVAPRWLISPWGF
5v8k_B,YSPTFNVAHILAFFFLFLHIPFYFV
5v90_D,IPDPKKPEDWDEEMDGEWEPPVI
5va6_C,QLAKAAKSAPATGGVK
5va9_C,YGHSHIRFGYSYHVSYCG
5vab_F,ARTKQTARKSY
5vac_C,AARKSAPATGGV
5vah_C,KAAKSAPATGGV
5vao_F,PTVAPPAPVYR
5vap_D,TPTVAPPAPVYR
5vaq_C,PDVGSSDPLSMVGGSQGRSPSYES
5vau_E,MENLSRRLKVTGDLFDIMSG
5vax_E,TMENLSRRLKVTGDLFDIMSGQ
5vay_E,DMENLSRRLKVTGDLFDIMSG
5vb1_A,GTMENLSRRLKVTGDLFDIMS
5vb4_B,DMENLSRRLKVTGDLFDIMS
5vb9_C,CWVLEYDMFGALHCR
5vbc_C,KAARKSAPATGGVK
5vbl_A,KFRRQRPEHKKLP
5vcl_P,AMAPRTLLL
5ve8_C,GGKAPRASKAA
5vgd_C,SAEPVPLQL
5vge_C,RYRPGTVAL
5vhb_B,TTYADFIASGRTGRRNAI
5vi9_B,TTYADFIASGRTGRRNAI
5vib_B,TTYADFIASGRTGRRNAI
5vie_B,YPGGSTPVSSAN
5vif_B,YPGGSTPVSSAN
5vk0_B,TSFAEYWLLSC
5vk1_B,TSFEYWCLLSP
5vkl_B,LVNADLDVKDELMFSPLVDS
5vla_Z,TVFTSWEEYLDWVMPWNLVRIGLL
5vlh_Y,CRLPWNLQRIGLPC
5vlh_Z,TVFTSWEEYLDWV
5vlk_Y,TVFTSWEEYLDWV
5vlk_Z,WNLVIGLL
5vll_Y,CFIPWNLQRIGLLC
5vll_Z,TVFTSWEEYLDWV
5vlp_Z,MESFPGWNLVIGLLR
5vmo_B,ALPPEMVVARELRRIGDEFNRLYC
5vnf_D,VTSVV
5vqi_A,SSKRQRR
5vs7_P,GRGKG
5vtb_B,RRKQGKPQHLSKRE
5vud_C,LSSPVTKSW
5vue_C,LTVQVARVW
5vuf_C,LTVQVARVY
5vvp_C,LSSPVTKSW
5vvx_B,SSRVT
5vwd_C,LTVQVARVW
5vwf_C,LTVQVARVY
5vwh_C,LSSPVTKSW
5vwi_C,PAWDETNL
5vwj_C,LTVQVARVW
5vwk_H,PAWDETNL
5vwv_B,DMRPEIRIAQELRRIGDEFNATYAR
5vww_C,MRPEIRIAQELRRIGDEFNATYARR
5vwx_B,SRIISRIAQELRRGDEFNATYA
5vwy_B,DMRPEIRIAQELRRGDEFNATYAR
5vx0_B,DMRPEIRIAQELRRGDEFNATYAR
5vx2_B,RPEIRIAQELRRGDEFNATYAR
5vx3_B,MRPEIRIAQELRRGDEFNAT
5vxr_P,LINTNGSWHV
5vyo_F,GFSCGF
5vz5_C,AQDIYRASYY
5vzu_E,PTDVRDVDI
5vzy_A,HHQKLVFFAEDV
5w0v_C,GGAKRHR
5w1v_C,VMAPRTLIL
5w1w_C,VMAPRTLVL
5w2j_F,AKGALQELGAGLTA
5w3p_P,DAEFRHDSGYEVHHQK
5w41_B,RKRPRV
5w4e_A,SPRKKRPRQT
5w4f_A,LPKRRRA
5w4f_D,PKRRR
5w4g_A,PKRQVLAKIPRRE
5w4s_B,DQSDFEGFSY
5w5c_1_III_E1,KYAKMEAEREVMRQGIRDKYGIKKK
5w5c_1_III_E2,KYAKMEAEREVMRQGIRDKYGIKKK
5w5u_D,LEYFEWLS
5w67_C,VRSRRLRL
5w69_I,ARFNDLRFV
5w6a_E,ARTELYRSL
5w6i_D,LEYFEWLS
5w6r_M,LEYFEWLS
5w6t_F,LEYEWLS
5w6u_D,RLEYFEWLS
5w7i_B,GVVASQPARV
5w7j_B,GVVASQPARV
5w7x_H,PYAGSTD
5w7y_D,PYAGETDE
5w89_B,IWLQELRLGDEINARYAR
5w8f_B,WLQSLRLGDEINAYYAR
5w93_D,MDDLDALLADLE
5wa4_M,LNDLPMDVFEL
5wai_D,RKPKTEDFLTFLCLR
5wbh_4_III_F,APSVLESVKEKFSFEPKIR
5wbj_T,ESQFEMDI
5wbk_T,AGVFDIDL
5wbl_T,GGLFVMDE
5wdf_P,SLWNWFDITKWLWYIKK
5wdf_Q,LWNWFDITKWLWYIKK
5we0_C,DNIFVKPGEDLEIPLLS
5we2_F,GEDLEI
5wes_P,RGPGC
5wet_P,RGPGCA
5weu_P,RGPGCAFVTI
5wfc_D,AARSAP
5wfv_P,LDEETGEFL
5wg1_P,LDEEAGEFL
5wgd_E,HKILHKLLQDS
5wgg_B,MKHIKILNGGC
5wgq_F,HKLHKLQD
5whh_B,TLRRFGDINF
5wir_D,ILLTPRR
5wjl_C,GTSGSPIVNR
5wjn_C,GTSGSPIINR
5wkf_C,GTSGSPIVNR
5wkh_C,GTSGSPIINR
5wkn_C,SFSPDEINKLIETGLNTVE
5wkt_B,ILENLKDVGLF
5wle_C,ARTQTA
5wlg_C,SQLLNAKYL
5wli_C,SQLLNAKYL
5wmn_E,SPIVPSFDM
5wmo_C,RPPIFIRRL
5wmp_C,TPRVTGGGAM
5wmq_C,ELRSRYWAI
5wmr_C,QIKVRVDMV
5wn9_A,NFVPCSICSNNPTCWAICKRI
5wnb_B,DFHFEVFNFVP
5wob_a,GIVEQCCTSICSLYQLENYC
5wob_b,GIVEQ
5wos_B,PEIWIAQELRRIGDEFNAYYA
5wou_V,LPSFETAL
5wqd_H,RIPNYQLSPTKL
5wql_F,AAAAAA
5wri_D,DFEDYEFD
5wrj_F,EEEAY
5wrk_P,GYMPMS
5wrl_P,DYMPMS
5wrm_P,GYMMMS
5wsh_C,GVWIRTPTA
5wtb_H,RLSSRSHTLRTTCWDGK
5wtt_P,CGLECNFG
5wum_B,EKRPRSPS
5wun_B,EKRPR
5wvo_D,RTKQTARKSTGGKAPRCQL
5wwi_E,LYKKLKREMTF
5wwj_E,LYKMTF
5wwu_E,LYKKLKREITF
5wxc_E,LYMTF
5wxd_E,LYKKLKREMTF
5wxf_P,CSWGLENHAAC
5wxg_P,ARTKQTA
5wxh_P,ARTQTA
5wxn_C,WRSMTVVPYL
5wxo_P,CSAGLENHAAC
5wxq_P,GACSWRGLENHAAC
5wxr_P,GACSARGLENHAAC
5wy2_B,GPAVQFFKGKNGSADQVILVT
5wyi_E,IMPKDIQL
5wzx_C,ENALLRYLLDKD
5wzz_G,PKEVRVEPQK
5x08_P,NWFDITNWLWYIKK
5x0r_C,SLTERHKILHRLLQE
5x3s_D,HYPSTTAL
5x60_C,SRTMQTARKSTGGKA
5x7b_L,PIYATID
5x8n_B,PRRVRRRV
5x8q_B,TNMGLEAIIRKALMG
5x8u_B,KILHRLLQE
5x8w_B,KILHRLLQE
5x8x_B,NMGLEAIIRKALM
5x94_L,PIYATIDFD
5xad_C,SIVDEFEELGEQESDIDEFDLLEG
5xco_B,RRRRCPLYISYDPVCRRRR
5xcq_C,GYPGQV
5xcr_C,RGYPGQV
5xcs_C,YPYDVPDYA
5xct_C,GYPGQV
5xcu_C,PYDVPDYA
5xcv_C,GVAMPGAEDDV
5xgl_F,GCCSHPACNVDHPEIC
5xhz_C,RPVPMKRHIFR
5xjl_M,DDTALIKAYDKAVASFK
5xjm_B,GRVYIHPI
5xjq_M,DDTALIKAYDKAVASFK
5xjr_M,DDTALIKAYDKAVASFKH
5xjs_M,DDTALIKAYDKAVASFK
5xjt_M,DDTALIKAYDKAVASFK
5xju_M,DDTALIKAYDKAVASFKH
5xmf_C,RMANVSTGR
5xmm_C,DMANVSTGR
5xmy_P,ARTQTA
5xn3_B,RGDINNNV
5xnm_1_III_W,RGTPEAKKKYAPVCVTMPSARICYK
5xnm_1_III_XA,RGTPEAKKKYAPVCVTMPSARICYK
5xnv_B,AARKSAPA
5xo2_X,GPATPAP
5xod_B,PGLQKTLEQFHLSSMSSLGGPA
5xof_O,GPATPAP
5xoj_E,AFGAPAF
5xoq_C,GFSGGDGI
5xos_C,IPLTEEAEL
5xot_C,IPLTEEAEL
5xov_C,RYPLTFGWCF
5xpl_C,ENALLRYLLDK
5xpm_C,KNHPMLMNLLK
5xpn_C,KNHPMLMNLLK
5xpo_C,NHPMLMNLLK
5xpp_C,NHPMLMNLLK
5xpt_B,SGPWKPAKPAPSV
5xpu_B,SGPWKPAKPAPSV
5xs3_C,VRSRRCLRL
5xsq_B,SYMQQVSEGLMTGKVPIDQVFGA
5xtb_W,KQDMPPPGGYGPIDYKRNLPRR
5xtz_E,TKAARKSAPA
5xup_C,KILLTPRRRQRL
5xuq_C,NHPMLMNLLK
5xvw_D,ILAWGRGGTRSN
5xw5_C,ELGSPLKK
5xwr_C,MSRRKQAKPQHI
5xxf_E,NSDNIFVKPGEDLEIPL
5xxk_C,SFEYALL
5xxq_C,RRKQEQPKRL
5xy9_C,RENNTHPEWS
5xyf_B,SSLCARVQAARLPPQLMAWALHFLM
5xyf_C,KRMTISRLVLEE
5xzf_C,NHPMLMNLLK
5xzh_C,NHPMLMNLLKD
5xzx_B,NYCPPVKRERTSSL
5y18_B,SENRIAKKMLLEEIKAN
5y1j_U,NALLRYLLDK
5y1u_D,KRRKL
5y20_P,ARTQTA
5y21_C,EVRQKKRRKRST
5y21_D,QKKRRKRST
5y24_C,GMPRGA
5y2f_C,TARKSTGG
5y44_B,EHQLLRYLLDK
5y49_D,ENLLLRYLLDK
5y4h_B,GKVMRR
5y53_D,TTQRKRSA
5y53_F,TTQRKRS
5y59_C,NSKLLSLLRSKT
5y5a_B,IVNPLFQLGLNEFDSQT
5y7w_C,LLPPTEQDLKLY
5y91_C,FANFCLMMI
5yay_B,KARRRTTTQMELLYA
5yb2_1_III_D,ELTWEEWEKKIEEYTKKIEEILK
5yb2_1_III_E,ELTWEEWEKKIEEYTKKIEEILK
5yb2_1_III_F,ELTWEEWEKKIEEYTKKIEEILK
5yba_B,YGPKWN
5yba_D,EYGPK
5ybe_B,PKNKARRRTTTQMELLYAD
5ybu_B,KARRRTTTQMELLYA
5ybv_C,KARRRTTTQMELLYA
5yc1_I,RLRAR
5yc2_B,PLDDEEAFEKQVTS
5yc3_P,ARTQTARK
5yc4_P,ARTQTARK
5yca_C,GSAEEDDELFQNYVLQQ
5ycn_B,RHKILHRLLQE
5yco_F,QTLLDLFF
5ycp_B,RHKILHRLLQE
5yd3_B,INYYTSEP
5yd4_B,INYYASEP
5yd5_B,IAYYTSEP
5yd8_V,DITRFLV
5ye3_C,SGRGKGGKG
5ye4_E,GRGKGGKG
5yf4_B,EWSFTTVRKKP
5ygd_D,DQGRGRRPLN
5ygf_D,DQGRGRRRP
5yi7_B,NPFEVLRQACFENPGLN
5yip_B,PEDDWTEFSSEEIREARQAAASH
5yiq_D,EDDWTEFSSEEIREAR
5yir_C,EEWVIVSDEEIEEARQKA
5yko_P,ARTQTA
5ykw_B,TPVCTTEV
5ylx_C,TMPPGFELY
5ymv_C,AVKGVGTMV
5ymw_C,LPACVLEV
5yp5_B,KILHRLLQ
5yp6_B,KILHRLLQ
5ypo_C,ARRESYLKATQPSL
5ypr_B,RIRREEYRRAINGQSF
5ypu_B,SLHSALLEAIHSSGGREKLRKV
5ypz_D,SEGGAFTVNMP
5yqg_E,RGSFRALSQKMSPFKRQLSLRI
5yqg_F,QGSFRSQKMSPFKRQLSLR
5yrs_X,ETYVD
5yt0_B,DLSGLSGMFGF
5ytk_G,RSGKVMR
5ytk_J,RSGKVM
5ytk_K,TRSGKVMR
5yv5_B,SEEEALAGLSALFG
5yvj_C,ADLSLEKAANVQWDE
5yvx_C,ARTQTA
5yxb_B,ENALLRYLLDK
5yxd_B,NEALLRYLLDK
5yxj_D,ENALLRYLLDK
5yxl_B,ALLRYLL
5yxn_I,KLVALGINAV
5yxu_J,KLVALGINAV
5yy4_B,INYYTSEP
5yy9_C,IPKRRTARQLP
5yyf_B,QTARK
5z12_H,HKILHR
5z5s_C,SLLKKLLLAP
5z6s_C,SLLKKLLLAP
5z8h_B,AGESLYE
5z8l_P,KAARSAP
5z8n_Q,ARTQTA
5z93_B,ARSTGG
5z94_C,ARTQTA
5zgc_G,GKGGARHRKV
5zia_C,SPSSAKSRL
5zjy_B,KKRYSRQLLF
5zjz_B,KKRYSRQLLFW
5zk5_B,KRYSREQLLFQR
5zk7_D,RYSRQLLLFR
5zk9_B,RIIYSRQLLLK
5zml_B,KKRYSRQLLFRR
5znp_P,TQTARKS
5znp_Q,ARTQTARK
5znr_P,ATKAARSAPATGGVK
5zoo_A,HIRGSITQGIPRSY
5zop_A,EGSITQGTPLKY
5zpw_1_III_B,MTWEEWDKIEYTKIELIKKS
5zpw_1_III_D,MTWEEWDKIEYTKIELIKKS
5zpw_1_III_F,MTWEEWDKIEYTKIELIKKS
5zqg_C,LAQLQVA
5zs3_U,GRLLP
5zuj_I,SQSPTEDDENES
5zut_E,EVMMPYSTELIFYIEMDP
5zv3_A,EEPGSETSDAKS
5zvw_B,SAIRGA
5zw6_C,GMPRGA
5zwe_C,KNHPMLMNLLK
5zwf_C,KNHPMLMNLLK
5zwh_C,KNHPMLMNLLK
5zwi_C,KNHPMLMNLLK
5zwm_1_III_BB,KSQYIDIMPDFSPSGLLELESN
5zwo_1_III_RA,KSQYIDIMPDFSPSGLLELESN
5zwx_P,ARTKQTARS
5zys_B,LPFELPGHLV
5zz9_E,LLNFDELPEPPATFCDPEE
6a22_B,TNMGLEAIIRKALMG
6a2b_C,YMMPRHWPI
6a30_P,KYWWKN
6a33_I,SSPTEMDENES
6a38_D,STVDEMTKKFGTLTIHD
6a3a_D,STVEDMTKKFGTLTIHD
6a3b_D,DDTVDEMTKKFGTLTIHD
6a3c_D,STVDEMTKKFGTLTIHDD
6a3e_D,DDTVDELTKKFGTLTIHDD
6a5e_E,RYISYGALRRNTIPC
6a5q_E,GVTSSSCPADLTQ
6a5s_E,VTSSSCPADLT
6a5w_B,DHQLLRYLLDKD
6a5x_B,DHQLLRYLLDK
6a5y_B,HKILHRLLQE
6a5y_F,RHKILHRLLQEGS
6a5z_E,ERHKILHRLLQEGSP
6a5z_F,HKILHRLLQEG
6a60_B,KILHRLLQ
6a60_F,RHKILHRLLQE
6a6h_C,MTAHIVVPY
6a6w_B,GPLSDNEEFENVVKNGH
6a8g_P,CPAYSRYIGC
6a8n_P,CPAYSRYIGC
6a8o_P,CPAYSAYLDC
6a9c_E,KVAPPIPHR
6a9x_A,DDWTEFSSEEIREARQAA
6aaf_B,LQFEIDDEMEPLYNQAKQMRYG
6aaw_B,LTFEYWQLSAA
6ace_B,TIMPDIQ
6acl_B,ELNLLGRVT
6aco_B,AVTYTS
6acp_B,YALRQG
6ad9_B,PSLLKKLLLA
6aee_C,RIIPRHLQL
6aif_B,TFEYGDGI
6ak2_D,SHWDI
6akl_C,WKQGRQLLRQYLQEVGYTD
6am0_C,KCYAGATFATEAPQVTTLPKPSF
6am5_C,SMLGIGIVPV
6amt_C,MMWDRGLGMM
6amu_C,MMWDRGLGMM
6ap1_G,DEIVNKVL
6ar2_C,DGTMKR
6asz_P,QTARS
6at0_P,QTARS
6at5_C,APRGPHGGAASGL
6at9_C,AQDIYRASYY
6atf_C,GVYATRSSAVRLR
6ati_C,GVYATSSAVRLR
6atz_E,GGYRAPAKAAT
6au5_E,QFDLSTRLK
6avf_P,APRGPHGGAASGL
6avg_P,APRGPHGGAASGL
6axj_E,KSAPA
6axk_E,NPNANPNANPN
6axl_G,NPNANPNANPNA
6axp_E,QFDLSTRLK
6ay9_B,PVLFPGQPFGQP
6aya_B,SPSGVFTFG
6ayn_F,QFDLSTRLK
6aze_P,ARTQT
6azk_E,QFDLSTRLK
6azl_E,QFDLSTRLK
6azm_E,ANPNANPN
6b0x_2_III_H,NLAEIARQKRIIKN
6b0x_2_III_I,PQNLAEIARQKRIIKN
6b0x_2_III_J,QNLAEIARQKRIIKN
6b0x_2_III_K,PQNLAEIARQKRIIKN
6b0x_2_III_L,PQNLAEIARQKRIIKN
6b0x_2_III_M,PQNLAEIARQKRIIKN
6b0x_2_III_N,PQNLAEIARQKRIIKN
6b0x_3_III_H1,NLAEIARQKRIIKN
6b0x_3_III_H2,NLAEIARQKRIIKN
6b0x_3_III_H3,NLAEIARQKRIIKN
6b0x_3_III_H4,NLAEIARQKRIIKN
6b0x_3_III_H5,NLAEIARQKRIIKN
6b0x_3_III_I1,PQNLAEIARQKRIIKN
6b0x_3_III_I2,PQNLAEIARQKRIIKN
6b0x_3_III_I3,PQNLAEIARQKRIIKN
6b0x_3_III_I4,PQNLAEIARQKRIIKN
6b0x_3_III_I5,PQNLAEIARQKRIIKN
6b0x_3_III_J1,QNLAEIARQKRIIKN
6b0x_3_III_J2,QNLAEIARQKRIIKN
6b0x_3_III_J3,QNLAEIARQKRIIKN
6b0x_3_III_J4,QNLAEIARQKRIIKN
6b0x_3_III_J5,QNLAEIARQKRIIKN
6b0x_3_III_K1,PQNLAEIARQKRIIKN
6b0x_3_III_K2,PQNLAEIARQKRIIKN
6b0x_3_III_K3,PQNLAEIARQKRIIKN
6b0x_3_III_K4,PQNLAEIARQKRIIKN
6b0x_3_III_K5,PQNLAEIARQKRIIKN
6b0x_3_III_L1,PQNLAEIARQKRIIKN
6b0x_3_III_L2,PQNLAEIARQKRIIKN
6b0x_3_III_L3,PQNLAEIARQKRIIKN
6b0x_3_III_L4,PQNLAEIARQKRIIKN
6b0x_3_III_L5,PQNLAEIARQKRIIKN
6b0x_3_III_M1,PQNLAEIARQKRIIKN
6b0x_3_III_M2,PQNLAEIARQKRIIKN
6b0x_3_III_M3,PQNLAEIARQKRIIKN
6b0x_3_III_M4,PQNLAEIARQKRIIKN
6b0x_3_III_M5,PQNLAEIARQKRIIKN
6b0x_3_III_N1,PQNLAEIARQKRIIKN
6b0x_3_III_N2,PQNLAEIARQKRIIKN
6b0x_3_III_N3,PQNLAEIARQKRIIKN
6b0x_3_III_N4,PQNLAEIARQKRIIKN
6b0x_3_III_N5,PQNLAEIARQKRIIKN
6b0x_4_III_H1,NLAEIARQKRIIKN
6b0x_4_III_H10,NLAEIARQKRIIKN
6b0x_4_III_H2,NLAEIARQKRIIKN
6b0x_4_III_H23,NLAEIARQKRIIKN
6b0x_4_III_H24,NLAEIARQKRIIKN
6b0x_4_III_H6,NLAEIARQKRIIKN
6b0x_4_III_I1,PQNLAEIARQKRIIKN
6b0x_4_III_I10,PQNLAEIARQKRIIKN
6b0x_4_III_I2,PQNLAEIARQKRIIKN
6b0x_4_III_I23,PQNLAEIARQKRIIKN
6b0x_4_III_I24,PQNLAEIARQKRIIKN
6b0x_4_III_I6,PQNLAEIARQKRIIKN
6b0x_4_III_J1,QNLAEIARQKRIIKN
6b0x_4_III_J10,QNLAEIARQKRIIKN
6b0x_4_III_J2,QNLAEIARQKRIIKN
6b0x_4_III_J23,QNLAEIARQKRIIKN
6b0x_4_III_J24,QNLAEIARQKRIIKN
6b0x_4_III_J6,QNLAEIARQKRIIKN
6b0x_4_III_K1,PQNLAEIARQKRIIKN
6b0x_4_III_K10,PQNLAEIARQKRIIKN
6b0x_4_III_K2,PQNLAEIARQKRIIKN
6b0x_4_III_K23,PQNLAEIARQKRIIKN
6b0x_4_III_K24,PQNLAEIARQKRIIKN
6b0x_4_III_K6,PQNLAEIARQKRIIKN
6b0x_4_III_L1,PQNLAEIARQKRIIKN
6b0x_4_III_L10,PQNLAEIARQKRIIKN
6b0x_4_III_L2,PQNLAEIARQKRIIKN
6b0x_4_III_L23,PQNLAEIARQKRIIKN
6b0x_4_III_L24,PQNLAEIARQKRIIKN
6b0x_4_III_L6,PQNLAEIARQKRIIKN
6b0x_4_III_M1,PQNLAEIARQKRIIKN
6b0x_4_III_M10,PQNLAEIARQKRIIKN
6b0x_4_III_M2,PQNLAEIARQKRIIKN
6b0x_4_III_M23,PQNLAEIARQKRIIKN
6b0x_4_III_M24,PQNLAEIARQKRIIKN
6b0x_4_III_M6,PQNLAEIARQKRIIKN
6b0x_4_III_N1,PQNLAEIARQKRIIKN
6b0x_4_III_N10,PQNLAEIARQKRIIKN
6b0x_4_III_N2,PQNLAEIARQKRIIKN
6b0x_4_III_N23,PQNLAEIARQKRIIKN
6b0x_4_III_N24,PQNLAEIARQKRIIKN
6b0x_4_III_N6,PQNLAEIARQKRIIKN
6b1t_2_III_W,GLRFPSKMFGG
6b23_3_III_B1,GTTLQNLAKQNRIIK
6b23_3_III_B2,GTTLQNLAKQNRIIK
6b23_3_III_B3,GTTLQNLAKQNRIIK
6b23_3_III_B4,GTTLQNLAKQNRIIK
6b23_3_III_B5,GTTLQNLAKQNRIIK
6b23_3_III_C1,GTTLQNLAKQNRIIK
6b23_3_III_C2,GTTLQNLAKQNRIIK
6b23_3_III_C3,GTTLQNLAKQNRIIK
6b23_3_III_C4,GTTLQNLAKQNRIIK
6b23_3_III_C5,GTTLQNLAKQNRIIK
6b23_4_III_B1,GTTLQNLAKQNRIIK
6b23_4_III_B10,GTTLQNLAKQNRIIK
6b23_4_III_B2,GTTLQNLAKQNRIIK
6b23_4_III_B23,GTTLQNLAKQNRIIK
6b23_4_III_B24,GTTLQNLAKQNRIIK
6b23_4_III_B6,GTTLQNLAKQNRIIK
6b23_4_III_C1,GTTLQNLAKQNRIIK
6b23_4_III_C10,GTTLQNLAKQNRIIK
6b23_4_III_C2,GTTLQNLAKQNRIIK
6b23_4_III_C23,GTTLQNLAKQNRIIK
6b23_4_III_C24,GTTLQNLAKQNRIIK
6b23_4_III_C6,GTTLQNLAKQNRIIK
6b23_5_III_B,GTTLQNLAKQNRIIK
6b23_5_III_C,GTTLQNLAKQNRIIK
6b27_G,EPEIPLSPRP
6b2z_1_III_LA,YHFMGKAIPPHQLAIGTLGLLGLL
6b2z_1_III_S,YHFMGKAIPPHQLAIGTLGLLGLL
6b3x_B,YPKPDTQQMIPFQP
6b5l_A,NPDPNANPNV
6b5m_A,NPDPNANPNVDPN
6b5n_A,NVDPNANPNVD
6b5o_A,NPNANPNAN
6b5p_A,NPDPNANPNVD
6b5r_A,NPDPNANPNVDPN
6b5s_A,NVDPNANPNVDPN
6b5t_A,ANPNANPNANPNA
6b67_D,MSIYVA
6b74_A,NGPLSCGQR
6b77_A,NGPLSCGQR
6b8h_1_III_S,YHFMGKAIPPHQLAIGTLGLLGLL
6b8h_1_III_WA,YHFMGKAIPPHQLAIGTLGLLGLL
6b8i_D,NGIAAMLERHSRKRFQL
6b9h_B,EGVLANFFNSLLSK
6b9l_E,SAYPDSVPFR
6b9l_J,AHHHHA
6b9m_D,KRKSAGGGPSRAGSPRR
6b9y_D,SQFDFCTRRLQS
6bae_D,CQFDLSTRRLKC
6bah_D,SQFDCTRRLQS
6bb4_P,IVYKSPV
6bc8_B,DKKIVIMPCKCAPSRQLVQVWLQAK
6bcd_B,DKKIVIMPCKCAPSRQLVQVWLQAK
6bcr_C,YSNTLPVRK
6bcy_C,TENKTLPRSS
6bd1_C,RSSSMAA
6bd1_D,RSSSMA
6bd2_C,SYSNTLPVRPRSSSMAA
6bga_E,YVVVPD
6bgg_A,KVAPLKIKLGGF
6bgh_B,RSVKVKIKLGRK
6bhd_B,ARSTGGKAPRK
6bhe_B,ARSTGGKAPRK
6bhg_B,STGGKAPRK
6bhh_B,STGGKAPRK
6bhi_B,STGGKAPRK
6bi7_B,KKIVIMPCKCAPSRQLVQVWLQA
6bij_C,GGYAPAKAAAT
6bil_C,GGYRAPAKAAAT
6bin_C,QYMADQAAGGLR
6bir_C,SSLNLETNLDSL
6biv_C,ETVCPTTQQSPE
6bix_C,ETVCPTTQQSPE
6biy_C,DIFERIASEASRL
6biz_C,DIFEIASEASL
6bj2_C,IPLTEEAEL
6bj3_C,IPLTEEAEL
6bj8_C,VPLTEDAEL
6bmf_G,DEIVNKVL
6bnh_B,KWTLERLKRKYRN
6bnt_B,DGYMPMS
6bqb_P,NPDPNAN
6bqt_C,YSNTLPVRKENKTLPRSS
6bra_S,SGIFLETS
6buu_F,GRPRTTFAE
6bvb_H,ETLAPYIPMDGEDF
6bvh_I,GTCTRSIPPICNPN
6bvv_B,CLGRRVVQPGMFEDHPPTKKARVS
6bw0_C,PPTKKARV
6bw1_C,PPTKKARV
6bw3_B,MRSKGRARKL
6bw4_B,MRSKARARKL
6bw9_B,CLGRRVVQPGMFADYPPTKKARVL
6bxp_C,RVKHL
6bxq_A,RVKEQHLW
6byj_G,ATPPVSQASSTTT
6byj_P,PPVSQAS
6byk_K,PVSQA
6byl_G,TTVPVTTATTTTT
6byl_P,VPVTTAT
6bz3_B,DDLSEQMASLEGLMKQLN
6bz3_D,DDLSEQMASLEGLMKQLNA
6bzd_G,TPPVSQASSTT
6bzu_J,QLINTNGSWH
6bzv_K,LINTNGSWHI
6bzw_I,LINTNGSWH
6bzy_B,QLINTNGSWHI
6c0a_B,GKFYATFLIQEYFRKFKKRKEQG
6c0h_C,QACAFGPFFVCG
6c0i_F,GRPRTTFAE
6c0y_I,CKQACAFGPFFVCGNK
6c0y_M,QACAFGPFFVCGN
6c1d_F,ACPAW
6c23_O,AAARKFA
6c24_O,AAARKFA
6c4h_1_III_D,TEKPLAVRMGKGKGNVE
6c4u_L,LPTPPL
6c5x_G,EYSTV
6cbi_H,RRQSMTEFYH
6cbz_C,AILHRLLQ
6cdg_B,PGLWKS
6cdm_C,AVGIGA
6cdo_C,AVGIGAVF
6cdp_C,AVGIGAVF
6cen_D,GVLRI
6cez_P,RDKVQKEYALFYKL
6cf6_C,LARESSADGADS
6cf6_D,ARESSADGAD
6cgv_W,FASLAPRHGSRPFMGNWQDIGTSN
6cha_A,CGVPAIQPV
6cht_C,AELKALL
6cht_L,AELKALLQ
6cit_D,STVDEMTKKFGTLTIHD
6cm9_1_III_A,KGENTSLLHP
6cm9_1_III_B,TSYDYCRVPMEDG
6cnl_M,GVWDPNWDRRE
6cnl_X,GVWDPNWDRR
6co3_Q,AEFRHD
6co4_B,QEPEPPEPFEYIDD
6cpl_C,VDRFYKTLRAEQASQE
6cpn_C,RFYKTLRAEQASQ
6cpo_C,RFYKTLRAEQASQ
6cqj_C,RFYKTLRAEQASQ
6cql_C,RFYKTLRAEQASQ
6cqn_C,RFYKTLRAEQASQ
6cqq_C,RFYKTLRAEQASQ
6cqr_C,RFYKTLRAEQASQ
6ct7_S,MDVFMKGLSK
6ctb_B,TVGKFYATFLIQEYFRKFKKRKEQG
6cwp_F,VEYTKH
6cxg_A,TIRSIPWYTYRWLPN
6czn_C,KILHRLLQ
6d01_I,ANPNANPNANPNANPNANP
6d07_C,KQTARSTG
6d08_C,TKQTARS
6d0f_C,KILHRLLQD
6d0x_C,NANPNANPNAN
6d0y_B,SKYEAMDFDSLLKEAQQSL
6d1u_D,DSAPVDPSSPHSY
6d29_C,TSMSFVPRPW
6d2b_C,LSDSTRDVTW
6d2r_C,GSFDYSGVHLW
6d2t_C,LALLTGVRW
6d3o_C,NCDIHVLEWCFR
6d3o_D,CDIHVLEWCF
6d3x_C,GRCYKSKPPICFPD
6d3y_C,GRCTKSRPPICFPD
6d3z_C,GRCYKSRPPICFPN
6d40_C,GRCYKSIPPICFPD
6d6q_1_III_J,PVQKQASLFPD
6d78_C,AAGIGILTV
6d8c_N,PAWATC
6d94_B,GNTKNHPMLMNLLKD
6da1_C,PSDSDEDPAALW
6dad_C,VTVGKFYATFLIQEYFRKFKKRKEQ
6dae_C,EVTVGKFYATFLIQEYFRKFKKR
6daf_C,GKFYATFLIQEYFRKFKKR
6dat_F,PSDSDEDPAALW
6db5_P,KKGIAIGPGRTLYA
6db6_P,RKRIHIGPGRAFYT
6db7_P,RKRIHIGPGRAFY
6dc8_P,SPRHL
6dc9_P,TSPRHL
6dca_P,TSPRHL
6dcn_D,GTMENLSRRLKVTGDLFDIMS
6dco_C,DMENLSRRLKVTGDLFDIMS
6dco_D,DMENLSRRLKVTGDLFDIMSG
6dcw_T,YKPVDLSKV
6dei_C,SNAFGGTLKLKKRLESVPELFLHD
6dei_D,TLKLKKRLESVPELFLH
6dgp_C,KNHPMLMNLLKD
6di8_A,CGVPAIQPVLSGL
6dig_C,AGNHAAGILTLGK
6dj8_C,VLLVPG
6djk_B,VLLVPG
6dkp_C,ELAGIGILTV
6dly_C,VLLVPG
6dm4_E,PSYVNVQ
6dm6_C,VLLVPG
6dmx_A,DEDPEKEKRIKELELLLMSTENEL
6dmx_C,DPEKEKRIKELELLLMSTENELKGQ
6dn5_B,WDINNN
6dn7_D,WDINNN
6dn8_B,VDINNN
6dno_B,RRVSFADNFGFNLVSVKEFDTW
6dnq_A,EDPEKEKRIKELELLLMSTEELKG
6do1_H,GRVYIHPI
6do3_C,PPPMAGG
6do4_C,GPSSGG
6do5_C,IGLLGG
6dql_C,MWLLLLFL
6dqu_B,GIINTL
6drt_D,EGLDFLFDA
6drt_E,EPEGLDFLFDA
6dsz_C,MADFLKGLPVYNKSNFSRF
6dtg_B,YLGANG
6dth_B,RPPGF
6dtn_A,PPKRIA
6du2_C,LSPPSP
6du3_C,DLSPPSP
6dzk_1_III_W,GQVEKFRRRYG
6e21_B,TTYADFIASGRTGRRASIHD
6e2p_2_III_D,KKLFWEDVPNPKNCSWAQ
6e37_B,YPGGSTPVSSAN
6e3g_C,KILHRLLQ
6e3i_B,QRVVHIAAGLRRTGDQLEAYG
6e3j_B,RRVVQIAAGLRRAGDQLEKYG
6e49_D,NGIAAMLQRHSRKRFQL
6e49_E,GIAAMLQR
6e4y_P,DGDYEELVLALRSE
6e4z_P,DGDYEELVLALRSEE
6e5m_I,CTKSIPPQC
6e5n_A,IENDEAFAILDGGAPG
6e5x_B,FVPVPPPPLYPPP
6e7i_P,STTPAPTTK
6e83_A,ARTKQTARKSTG
6e86_A,ARTKQTAR
6e8r_C,GPAVQFFKGKNGSADQVILV
6e99_B,TTYADFIASGRTGRRNAI
6e9l_B,TTYADFIASGRTGRRNAI
6eat_I,CTKSIPPQC
6eau_I,CTKSIPPC
6eaw_I,CTKSI
6eax_I,CTKSIC
6eds_C,HSQGTFVQWLMN
6ef5_P,KLSLQ
6ef5_Q,RSLSAPG
6efk_D,IEEVD
6egw_B,TTYADFIASGRTGRRNAI
6eh2_B,TTYADFIASGRTGSRNAI
6eh3_C,TTYADFIASGRTGRRSAI
6ehj_D,GSNKSKPK
6ei2_C,ETSPLTAEKL
6eiw_D,PHRFLPANVSNRWNEYSSAYLPRV
6ej7_B,EEEGAGGGQG
6ej8_B,EEEGSGGGQ
6ej9_B,QEPEGSGGGQG
6eja_B,EYSGGGQ
6ejb_B,EEEGSAGGQG
6ejc_B,EEEGSGVGQ
6ejd_B,EEEGSGGPQ
6eje_B,AAEGSGEQD
6ejl_C,SISLPV
6ekj_B,SSGPWKPAKPAPSVSPGPWKPI
6ekl_B,SSGPWKPAKPAPSVSPGPWKPI
6ekm_B,DKKIVIMPCKCAPSRQLVQVWLQAK
6el6_B,ENALLRYLLDKDD
6el7_B,ENALLRYLLDKDD
6el9_B,ENALLRYLLDKDD
6em6_C,TTYADFIASGRTGSRNAI
6em7_D,TTYADFIASGRTGRRSAI
6ema_C,TTYADFIASGRTGRRSAI
6emb_D,TTYADFIASGRTGRRNAI
6emc_D,TTTADFIASGRTGRRNAI
6emd_D,TTYADFIASGRTSRRNAI
6eme_D,TTYADFIASGRTSRRNAI
6eo8_I,DFEEIPEEYL
6eo9_I,FEEIPEEY
6eop_D,SLRFLYEG
6eot_C,SLRFLYEG
6eqa_C,AAGIGILTV
6eqb_C,AAGIGILTV
6eqx_D,RRRVR
6ers_B,TTYADFIASGRTSRRNAI
6ert_D,TTYADFIASGRTGKRNAI
6eru_B,TTYADFIASGRTGRRAI
6erv_B,TTYADFIASGRTGRRNAI
6erw_D,TTYADFIASGRTGRRNAI
6esa_E,TTYADFIASGRTGRRSAI
6esb_3_III_G1,TAPQWMLPLLLGLY
6esb_3_III_G2,TAPQWMLPLLLGLY
6esb_3_III_G3,TAPQWMLPLLLGLY
6esb_3_III_G4,TAPQWMLPLLLGLY
6esb_3_III_G5,TAPQWMLPLLLGLY
6esb_4_III_G1,TAPQWMLPLLLGLY
6esb_4_III_G10,TAPQWMLPLLLGLY
6esb_4_III_G2,TAPQWMLPLLLGLY
6esb_4_III_G23,TAPQWMLPLLLGLY
6esb_4_III_G24,TAPQWMLPLLLGLY
6esb_4_III_G6,TAPQWMLPLLLGLY
6esb_5_III_G,TAPQWMLPLLLGLY
6esn_C,KHKILHRLLQDS
6evm_C,PPPPPPPPP
6evn_C,PPGPAGPPG
6evo_C,PPGPRGPPG
6evp_C,PGPEGPPG
6ew9_P,LVYQF
6ewa_C,ILKEPVHGV
6ewc_C,RLSSPLHFV
6ewo_C,RTFSPTYGL
6eww_E,RKLSLQER
6exj_B,DLQTSI
6ezi_B,LETKKTKL
6f08_D,RRPESAPAE
6f08_Q,RRPESAPAES
6f09_A,SYSSPDI
6f09_D,RSYSSPDITQ
6f0g_C,STERKWAELARRIRGAGGVTLNGF
6f0h_D,STEEKWARLARRIAGAGGVTLDGFG
6f0w_S,DYDDLAPFVPPPSFDNRL
6f0y_B,LAITMLKPRKKAKAL
6f14_B,TTYADFIASGRTGRRNAI
6f1t_d,DPKYADLPGIARNEPDVYETSDLP
6f1u_d,DPKYADLPGIARNEPDVYETSDLP
6f4s_B,CARAY
6f55_B,TKGPAPNPPPILKVW
6f5e_C,PKRPTTLNLF
6f6d_B,RIQLMTKAARKSAPATG
6f7t_D,ERRNELQKQENR
6f9i_C,QLEWDDSTLS
6f9i_X,LEWDDSTLS
6fau_B,RTPSLPG
6fau_D,TPSLPG
6fav_B,RTPSLPG
6fav_D,TPSLPG
6faw_B,RTPSLPG
6faw_D,TPSLPG
6fbb_P,SRSSP
6fbk_P,LTQVVHSAGRRFIVSPV
6fbw_B,RTPSLPG
6fbw_D,TPSLPG
6fbx_B,LWAAKKYGQQLRRMSDEFDKGQ
6fby_B,RTPSLPG
6fby_D,TPSLPG
6fcp_P,RSRSSLAT
6fdp_B,DTSRMEEVD
6fdt_B,SGPTIEEVD
6fel_E,RSLSAP
6fey_G,VVDSCCRNSCSFSTLRAYCD
6fey_H,RACGPALMDMLRVACPNGF
6fey_J,ACGPALMDMLRVAC
6fi4_B,PSLPV
6fi5_B,TPSLPA
6fjt_I,DFEEIPEEYLQ
6fkp_E,ARTAATAR
6fkq_B,MPTLDMALFDWTDYEDLKP
6flg_C,VLEYGV
6fmp_C,DEETGEF
6fmq_D,ETGEL
6fnz_F,PESSEG
6fo7_B,HKILHRLLQ
6fo8_B,HKILHRLLQ
6fo9_B,HKILHRLLQ
6fob_B,HKILHRLLQ
6fod_B,RHKILHRLLQ
6fq4_B,LEAARNTTTMLSKTLS
6fqc_D,AAASAAA
6frj_B,APDRP
6frx_B,TTYADFIASGRTGRRNAIHD
6fy0_P,RDKKQKAYALFYRPDVV
6fy3_Z,LRDKKQKAYALFYRPD
6fzf_C,EPSLLKKLLLAPA
6fzj_C,PSLLKKLLLAPA
6fzp_C,SLLKKLLLA
6fzq_P,APDTRP
6fzr_P,APDTRP
6fzu_P,TLLQLLLGH
6g05_P,TLLQLLLG
6g07_P,TLLQLLLGH
6g0o_B,HFPKGIKQIKY
6g0p_B,PGKGVKSPG
6g0q_B,SGKGKKKRGY
6g0r_C,GAKGSKIN
6g0s_D,SLKVLKKYPY
6g0y_G,SDNPFSKLYKETIETF
6g0y_H,PFSKLYKETIETF
6g3j_C,MTSAIGILPV
6g3k_C,ITSGIGVLPV
6g55_1_III_B1,SFDEVML
6g55_1_III_B2,SFDEVML
6g5f_P,KEDAFSKLKEKFMNELHK
6g5g_P,QEDMFAKLKEKLFNEINK
6g5k_C,DAFSKLKEKFMNELHK
6g6x_P,AHSSASLQ
6g84_C,AFTDVPALNYP
6g84_D,VPALNYP
6g85_C,FTDVPALNYP
6g85_D,AFTDVPALNYPATPP
6g86_C,SFKNAPLLAPP
6g86_D,FKNAPLLAPP
6g8i_P,AHSSPASLQ
6g8j_P,AHSSP
6g8k_P,AHSSP
6g8l_P,AHSSPASQ
6g8q_P,AHSSPS
6g9q_P,KAPYDYAPI
6g9r_P,KAPYDYAPI
6gaz_1_III_B,AFQPPPKPVIVDKRRPQ
6gb5_E,FAPGNYP
6gb7_K,FAPGNYP
6gbe_B,MFRDFDYIADWC
6gbw_I,DFEEIPEEYLQ
6gc3_B,DDDEDDYTPSIS
6gch_E,CGVPAIQPVLS
6gd5_B,GSKKPVPIIYCNRRTGKCQRM
6gev_B,KSLLQQLLTE
6gfx_D,EALAYIPMDDDFQLR
6gg8_B,KSLLQQLLTE
6ggg_B,QQKSLLQQLLTE
6ggm_P,RFPAKAPLL
6gh1_Q,RLPAKAPLL
6gh4_P,RQPAKAPLL
6ghl_1_III_B,TSFQQYCDDNPDAAECRIYDD
6ghn_P,RLPAKAPLF
6ghp_P,RRKSV
6gjh_K,ALSRQ
6gk7_A,IVYKPVDLSKV
6gk8_I,EEPGSETSDAKST
6gkf_I,YDLSLPFP
6gkf_J,YDLSLPF
6gkg_I,VEHSLD
6gl1_P,RMYSPTSIL
6gmg_C,DIPIGSKM
6gmr_H,EALAPYIPMDDDFQLR
6gp7_D,FNSREARRKAN
6gqn_C,TILRRSRSDRKKLA
6gqn_G,ILRRSRSDRKKLA
6gtv_B,ADVTITVNGKVVA
6gtz_B,ADVTITVNGKVVA
6gu0_B,ADVTITVNGKVVAK
6gvk_B,SNENLLLVHCGPTLINSCISFGSE
6gvl_B,SNENLLLVHCGPTLINSCISFGS
6gws_D,NPVCVRPTPKWQKGIGEFFRL
6gws_E,NPVCVRPTPKWQKGIGEFFRLS
6gws_F,GNPVCVRPTPKWQKGIGEFFRLS
6gx9_1_III_C,YYRERSRER
6gxc_B,GDQATG
6gy2_D,ATPPTLSSTVLI
6gy5_U,LGLPDLVAKYN
6gyt_C,GLGKGGAKA
6gzl_B,PTKDSYTLTEEL
6h06_I,DMVDSPQLAT
6h0e_I,MVDSPQLAT
6h22_C,LTFAEYWAQLAS
6h41_B,VDECWRIIASHTWFCAEE
6h6a_E,GCGCSS
6h6d_C,SGPSNTPPEI
6h6h_C,SGPSNTPPEI
6h7b_B,HHMNPNATEFMP
6h8c_B,GAMEIIHEDNEWGIELVSE
6h8p_C,ARSAG
6h9j_D,DIAALLIAAGADVNAHAKGAFF
6h9o_B,QEALEERARNELSLTRPGETFYRL
6ha6_D,AALLIAAGADVNAH
6hbo_B,ARTQTARY
6hby_C,ARRPPLAELAALNLSGSRL
6hc8_E,LADYLISVGADINKID
6hcs_B,FNARRKLKGAILTTMLATR
6hcs_D,FNARRKLKGAILTTMLATRNF
6hcs_F,FNARRKLKGAILTTMLAT
6hep_E,ISVIRRRQSVLNLMT
6hgt_E,ARRSTGG
6hhp_B,FPATV
6hip_C,RRRRWRERQ
6hkb_B,FPATV
6hkf_B,FPATV
6hkp_S,VKFLVQFGVNVNAA
6hks_G,TRRETQL
6hl0_B,KENALLRYLLDKD
6hl1_B,KENALLRYLLDKD
6hl5_S,KFLLDFGVNVNAAD
6hl6_S,SIVDFLITAGANVNSPD
6hlb_B,RRRRR
6hm3_B,YDSILVQATPRKSSSVITELPDTPI
6hm4_B,GVMTVPNTP
6hm5_B,SPVLAEDS
6hmt_B,FPATV
6hmu_B,FPATV
6hmz_A,TGLVLAALLV
6hn2_B,FPATV
6hoi_G,ANSFTLIGE
6hol_C,DWENLPSPRF
6hom_B,DDLGFDPFVETQKGLAELMENEVVQ
6hon_B,DDLGFDPFVETQKGLAELMENEVVQ
6hos_2_III_C,MGSSHHHHHHS
6hp5_C,GMPRGA
6hpg_a,GSKMEEVD
6hqu_3_III_K,KLNVSTEAFSGFSTASGK
6hsn_D,FNIVGTTYPC
6hso_D,FSIVGSLPRDC
6hsx_I,DFEEIPEEYLQ
6hua_C,VPFFMIYY
6hv2_B,IMISF
6hvo_D,KRLITDSYPVVK
6hvo_F,RKRLITDSYPVVK
6hy2_A,WMLDPIAGKWSR
6hy7_B,GCCSDPRCRYRC
6hzd_B,RRRKR
6i2a_D,TTYADFIASGRTGRRDAI
6i2b_D,TTTADFIASGRTGRRDAI
6i2c_B,TTYADFIASGRTSRRDAI
6i2d_D,TTYADFIASGRTSRRDAI
6i2g_B,SRLEEELRRRLTE
6i2h_D,TTYADFIASGRTSRRDAI
6i42_B,VVHGVATVAEKTK
6i4x_D,SFEYTILDP
6i51_I,DFEEIPEEYLQ
6i5j_I,PVPDYTSIHI
6i5j_K,VPDYTSIHI
6i5n_I,PVPDYTSIHI
6i5n_K,VPDYTSIHI
6i6h_B,AEKDEL
6i7q_H,LETLAPYIPMDGEDFQC
6i7r_H,LETLAPYIPMDGEDFQC
6iam_B,SARAVHLRKSA
6ibo_C,AVSRAA
6icj_B,ERHKILHRLLQ
6id4_U,AIFQSSMTK
6idx_C,RKSRYAELDFEKIMHTRKRHQDMFQ
6ie4_B,ARTKQTARST
6ie6_P,ARTKQTARS
6ie7_E,ARTKQTARS
6ieu_C,ARTKQTARKS
6iex_C,GETALALLLL
6ifc_B,SWDSWFDGEGASTDFMSTREQP
6igk_B,CTCFTYKDKECVYYCHLDIIW
6igl_B,DEEAVYFAHLDIIW
6iiw_B,VRTKAD
6ijq_A,DGGTTFEHLWSSLEPD
6ijr_B,HKILHRLLQ
6ijs_B,RHKILHRLLQE
6ilc_C,DFANTFLP
6ile_C,DFANTFLP
6ilf_C,DYINTNLVP
6ilg_C,DFANTFLL
6ilq_B,SLTERHKILHRLLQ
6im4_D,GMPRGA
6ip4_B,AARSAPA
6iqj_D,PPPPPPPPP
6iso_C,RTKQTAR
6itm_B,DHQLLRYLLDKD
6itu_B,NGYENPTYKFFE
6iu7_B,SGKRKLITSEEERSPAKRGRKS
6iua_B,SGKRKLITSEEERDPAKRGRKS
6iui_D,SATRELDELMASLSDFKFMAQ
6ivx_B,TNMGLEAIIRKALM
6ixp_B,IPCPKTRLARVSVLDL
6ixp_C,TRLARVSVLDLKKIEEQP
6ixq_B,FKKGLNLHSIKVTSS
6ixr_B,HGFHLDILK
6iz8_1_III_E1,HHHHSSGLVPRG
6iz8_1_III_E2,HHHHSSGLVPRG
6izm_C,SLLKKLLLAP
6izn_C,SLLKKLLLAP
6j0w_C,ETVPDSQSPLIPTSVGSYFRDD
6j0x_E,SIIYEPEFNENYLWAE
6j19_1_III_B,DEEQQQALSSQMGF
6j1v_C,AIFQSSMTK
6j1w_C,AIFQSSMTK
6j29_C,QIMYNYPAM
6j2a_C,CTELKLSDY
6j2d_C,DFANTFLP
6j2e_C,DFQESADSFL
6j2f_C,DYINTNVLP
6j2g_C,DFQESADSFLL
6j2h_C,DFANTFLP
6j2i_C,DFEKEGYSL
6j2p_E,ARTQTA
6j31_E,VVGGVL
6j3n_B,KILHRLLQ
6j4v_C,EGECY
6j54_d,PFDQMTIEDLNEVFPETKLDKKKY
6j68_C,AEAPSYQGPPPPYPKHLLH
6j69_B,DRPPPYVAPPSYEGPHRT
6j6h_1_III_N,FTKSELKRRRKTRKGDGPWGSWS
6j8e_D,CCNCSSKWCRDHSRCC
6j8f_A,SAQQELKQRQRAEIYALNRVMT
6j8f_C,EGECY
6j8o_C,EEGEEY
6j8y_D,SWVSPDFDTA
6j9j_B,APSTGGVMKPHRYR
6jbk_B,SLHSALMEAIHSSGGREKLRKV
6jcu_B,SLHSALMEAIRSSGGREKLRKV
6jez_C,KNHPMLMNLLK
6jg9_C,GMPRGA
6ji2_X,SGLSGMFGF
6jjw_U,IIVPSYRPTPDYETVMRQMK
6jjx_C,QLMRYQHPPEYGAAR
6jjy_U,RPKNMTPYRSPPPYVPP
6jjz_C,DRPPPYVAPPSYE
6jlh_1_III_B,SGIIGNLRHMALDMGNE
6jlh_1_III_D,SGIIGNLRHMALDMGNE
6jmt_2_III_L,ALEEDAQILKVIEAYC
6jod_B,DRVYIHPF
6joz_C,ATIGTAMYK
6jp3_C,ATIGT
6jq7_B,RHKILHRLLQE
6jue_1_III_B,TIITL
6jwj_C,MEPAKLDLPEGQLFFGFPM
6jx3_A,KKKYTAPQLAKVGEFKEA
6jxu_B,NNRDPIVISDSP
6jxv_B,NNRDPIVISDSP
6jxw_B,NNRDPIVISDSP
6jxx_B,NNRDPIVISDSP
6jzd_C,EGEEY
6jzn_3_III_G,DHLDVMMARG
6k07_B,LPLRPKRSPPVISEEAAEDVKQYLT
6k08_B,LPLRPKRSPPVISEEAAEDVKQYLT
6k0t_B,PSLLKKLLLA
6k3a_B,TRQTTITSHFAKG
6k3f_1_III_B,KYSAKTGLTKLID
6k3f_1_III_D,KYSAKTGLTKLI
6k3f_1_III_F,AKTGLTKLI
6k3f_1_III_H,KYSAKTGLTKLI
6k3f_1_III_J,KYSAKTGLTKLI
6k3f_1_III_L,AKTGLTKLI
6k5o_C,NHPMLMNLLK
6k5r_B,DTAGCIVISDSE
6k5t_B,DTAGCIVISDSE
6k60_C,RIIPRHLQL
6k7t_C,DFANTFLP
6kac_1_III_AA,GAAGAAAAAGAAAAAAAAGAAAAAA
6kac_1_III_BA,AWAAAAGAAGAGYGVYRYEAAYGAA
6kac_1_III_BB,VTLALDKDDPAKEDSVKGLRKDIN
6kac_1_III_CB,GAAGAAAAAGAAAAAAAAGAAAAAA
6kac_1_III_DB,AWAAAAGAAGAGYGVYRYEAAYGAA
6kac_1_III_Z,VTLALDKDDPAKEDSVKGLRKDIN
6kbn_1_III_B,RQPYHYSQPTTAPFQAQAKFH
6kbn_1_III_D,RQPYHYSQPTTAPFQAQAKFH
6kc4_B,DEYENV
6kkb_D,ENALLRYLLDK
6kke_C,ENALLRYLLDK
6kmf_1_III_D,AHLNVQCTVAEWVLVGQNATW
6kmj_C,TARKSTGGKAPRKQLAY
6knu_C,NALLRYLLD
6knv_C,ENALLRYLLDK
6knw_C,ENALLRYLLD
6kpb_1_III_B1,MSATALLQKAAQMG
6kpb_1_III_B2,MSATALLQKAAQMG
6kr4_3_III_H,KLTMPAWYVAACRAN
6ktm_B,HKILHRLLQE
6ktn_B,RHKILHRLLQE
6kvm_C,PGDSDIIRSMPEQTSEK
6kzu_B,AYELL
6l0v_B,GPKWVKTDSDFIVLEI
6l0w_B,GPKWVKTDSDFIVLEI
6l7c_S,VVPQYG
6l7i_1_III_H,APEKGKYTKEVNFFDE
6l96_C,RHKILHRLLQ
6l9f_C,QVPMRKRQLPASFWEEP
6lhf_2_III_H,RRREQTDY
6ln4_2_III_B,ASELLKYLTT
6lqe_1_III_B,ARTKQTAR
6lqf_1_III_B,ARTKQT
6lry_B,CSCKDMTDKECLYFCHQDVIW
6lsd_2_III_D2,AARSAPA
6lss_1_III_A,MQSLIENAEMSTESYDQGK
6lw5_1_III_B,WKYMV
6lxd_1_III_B,PNLHILSKLQEEMKRLAEEREETR
6lxd_1_III_C,LHILSKLQEEMKRLAEEREET
6lyc_1_III_B,YRYSAVYSIHPSWCG
6m2m_1_III_M,EEDAEDDNDE
6m2m_1_III_N,EEDAEDDNDEEVNVE
6m2m_1_III_O,EEDAEDDNDEEVN
6m7y_C,TKDFNLDLVCVSKTI
6m90_C,LDSGIHSGAT
6m91_C,SYLDSGIHAG
6m92_C,YLDSGIHSGA
6m93_C,YLDSGIHSGAT
6m94_C,YLDSGIHSG
6ma1_B,ETGTTNTATT
6ma2_B,THETGTTNTATTAT
6ma3_B,HETGTTNTATTAT
6ma4_B,THETGTTNTATTAT
6ma5_B,THETGTTNTATTAT
6mbb_B,SYVDKIADVMREVAEKINSDLT
6mbc_B,SLLEKLAEYLRQMADEINKKYVK
6mbd_C,APKEKEVAETLRKIGEEINEALK
6mbe_B,DKTLEEIARELLKLALEIDKEI
6mdp_1_III_G,MAEDADMRNELEEMQRR
6me1_F,AVGLGAVFLG
6mew_B,AFVHMPTLPNLDFH
6mf5_C,LAQSSPA
6mf6_C,RSIEGAVQ
6mha_B,QTARS
6mhe_C,SRVTWYDFLMED
6mhf_C,GSPGSEVVTLQQFLEESN
6mil_B,KQTARS
6mim_B,QTARS
6min_B,QTARS
6mio_B,QTARS
6mjl_A,NYWKRRIEV
6mlc_E,GAKRHR
6mm5_C,LYNRTRRISQTS
6mnl_A,NPDGGKSGKAPRRRAV
6mnq_P,KSIRIGPGQAFY
6mnr_P,KSIRIGPGQAFYAT
6mns_P,RIHIGPGRAFYTTK
6mon_C,LLSKR
6mpp_B,ILDTAGKEEY
6mpz_M,GNLSDDELEGVAGG
6mqc_D,AVGIGAVF
6mqe_D,AVGIGAVF
6mqm_C,AVGIGAV
6mqr_A,AVGIGAVF
6mqs_E,AVGIGAV
6ms1_D,GSYLVTSV
6ms7_B,PSLLKKLLLAP
6mt3_B,FEDLRVLSF
6mt4_C,FEDLRVSSF
6mt5_C,FEDLRLLSF
6mt6_B,FEDLRVLSF
6mtl_C,FEDLRVLSF
6mtm_C,FEDLRVLSF
6mtp_P,ASLWNWFDITKWLWYIKK
6mtt_P,KWASLWNWFDITKWLWYIK
6mtu_D,PHTNETSL
6mtv_D,HTNETSL
6mue_B,EVCAIKIQRAYRRHL
6muo_1_III_K,KSRRISRRPSDWWVVKSEE
6muo_1_III_L,SRRISRRPSDWWVVKSEE
6mv5_P,KDEDGDYEELVLALRSEED
6mwz_M,AHHHHA
6myd_B,EPVETTDY
6mye_B,KPNGLLITDFP
6n16_E,AVGIGAVF
6n3a_1_III_K,GMLASQQNQS
6n3a_1_III_L,GMLASQQNQS
6n3a_1_III_M,GMLASQQNQS
6n3a_1_III_N,GMLASQQNQS
6n3a_1_III_O,GMLASQQNQS
6n3a_1_III_P,GMLASQQNQS
6n3a_1_III_Q,GMLASQQNQS
6n3a_1_III_R,GMLASQQNQS
6n3a_1_III_S,GMLASQQNQS
6n3a_1_III_T,GMLASQQNQS
6n3e_B,NRWDETP
6n5w_A,RRMPAANLIQAAWRLYSTD
6n5w_B,DIMPAVKTVIRSIRILKFLVAKRKF
6n7i_1_III_F,GVVSALSLRERIREHLS
6n7j_D,TDKIDQIIHDFIDKP
6n7q_C,CWTTRMSPPMQIP
6n87_C,CWTTRMSPPMQIP
6nca_Y,YVLDHLIVV
6ncp_F,HHHHH
6ndy_G,GGDEIVNKVLGGXXXXXXXX
6nf7_C,YLRYDSDVGEYR
6ni2_V,DESCTTASSSLAKD
6nid_E,KEYYV
6nix_C,AGFKGEQGPKGEP
6niy_P,CSNLSTCVLGKLSQELHKL
6nj8_E,TVGSLIQ
6njg_B,YPEDEEELIRKAIELSL
6njz_C,YSAYPDSVPM
6nk0_C,WLAYPDSVPY
6nk1_C,WLAYPDSVPYRPK
6nk2_C,WLAYPDSVPYRPK
6nkp_C,WLAYPDSVPYS
6nnv_J,FGDVYGWYLCK
6npr_R,RGPGRAFVTI
6npw_E,PTSPS
6npz_F,GRPRTTFAE
6nq3_D,KRKPKTEDFLTFLCLRG
6nsv_C,LWWPD
6nsx_B,SRWDVK
6nuc_C,NNYLTVPADLPVITIDPAS
6nuf_C,NNYLTVPADLPVITIDPAS
6nuu_C,NYLTVPADLPVITIDPAS
6nwe_B,ILENLKDVGLF
6nwk_B,PSLLKKLLLAPA
6nwl_B,PSLLKKLLLAPA
6nyy_G,AAAAAAAAAAA
6nyy_I,AAAAAAAAA
6nyy_J,AAAAAAAA
6o09_E,PLVQTKIIDFFRI
6o09_I,PLVQTKIIDFFRIQ
6o21_B,GFCQRPICFPN
6o3g_S,NWFDITNWLWYIKKKK
6o3j_G,NWFDITNWLWYIKKK
6o3l_D,NWFDITNWLWYIKKKK
6o3w_C,DDYKLPMEYIT
6o3x_D,DDYTPS
6o3y_D,EDPYDLN
6o42_G,NWFDITNWLWYIKKK
6o4y_C,KLVVGAVGV
6o4z_C,KLVVVAVGV
6o51_C,YLVVVGAVGV
6o53_C,KLVVVGAVGV
6o7g_A,KGGAKRHR
6o8b_1_III_A,EKPLPLREDMW
6o8b_1_III_B,MEKPLPLREDMW
6o8c_D,SGMEKPLPLRTDFS
6o8c_E,MEKPLPLRTDFS
6o9b_C,TTAPSLSGK
6o9c_C,TTAPFLSGK
6oab_H,AAAAAAAAAAAAAAAAAAAAAAAA
6obd_E,DTSQTSSPS
6ocp_P,QLPILHHAYLPSIGG
6ocp_Q,LPILHHAYLPSI
6oi4_E,QEPEPPEPFEYI
6oie_D,ARTKQTARKSTGGAP
6om2_E,GRRGDLATIH
6om2_F,RRGDLATIH
6om4_C,MRTGNAD
6omm_L,WKYMV
6on2_G,AAAAAAA
6opd_C,ILNAMIVKI
6oqx_C,NALLRYLLDKD
6oqy_C,NALLRYLLDKD
6or1_C,NALLRYLLDKD
6os0_B,DRVYIHPF
6os1_B,GRVYKHPA
6os2_B,GRVYYHP
6os9_L,KKPYIL
6osa_L,KKPYIL
6ov7_C,NSRWQVTRV
6oyy_A,MLRTMLKSKIHRATVTCADLHYVG
6oz8_A,MLRTMLKSKIHRATVTCADLHYVG
6p02_A,MLRTMLKSKIHRATVTCADLHYVG
6p07_G,EEEEEEEEEEEEEEE
6p1y_A,MLRTMLKSKIHRATVTCADLHYVG
6p23_C,AAAKKKYCL
6p27_C,AAAKKKYCL
6p2c_C,AAAKKKYCL
6p2f_C,AAAKKGYCL
6p2s_C,AAAKKKYCL
6p3w_E,ARKRLEL
6p6a_A,KRQRR
6p6a_C,SKRQRR
6p6e_B,SVKRRQI
6p6e_C,VKRRQ
6p81_B,VLLVPG
6p8b_L,LYMLP
6p8s_E,EVMEFNP
6p8u_C,AEVMEFN
6pav_1_III_B,KVLSKIF
6pav_1_III_D,GKVLSKIF
6pbh_C,DATALVR
6pbs_8_III_S,VTVLVVVV
6pbs_8_III_T,VTVLVVVV
6pcw_B,RKRRRHPS
6pdi_B,ARKRRRHPSG
6pdn_B,RKRRRHPS
6pdo_B,RKRRRHPS
6pdp_B,KRRRHPS
6peu_M,GRLGFYGYDLQD
6pfo_C,LHKLQTYPRTNTGSGTP
6pgq_B,YPRTNTGSGTP
6pi7_G,GRARAR
6pit_D,KKLHRLQ
6pj8_B,AVRMA
6pja_B,VRMAA
6pjp_B,VRMAA
6pjq_B,VRMAA
6pjr_B,KVRMA
6psa_H,KGHPCDYPEWQWLCEL
6psd_3_III_K,GVLANFFNSLLSK
6pse_1_III_C,EGVLANFFNSLL
6ptb_C,ILNAMIAKI
6pte_C,ILNAMITKI
6pth_G,VLLVPG
6ptr_X,VLLVPG
6ptv_X,VLLVPG
6pun_2_III_F,GLRSQKLHLTYIEKNK
6pv9_B,FANPHLGWSWRCG
6px6_C,APFSEQEQPVLG
6pxc_U,EEENIYSVPHDS
6pxu_C,TGYYITPRTGAGA
6py2_C,APFSEQEQPVLG
6pyj_C,LRNQSVFNF
6pyl_C,KRWIILGLNK
6pyv_C,LRNQSVFNF
6pyw_C,LRNQSVFNF
6pz5_C,LRNQSVFNF
6pza_1_III_B,MLSRKGIIPEEYVLTRLAE
6pzv_2_III_H,RTKQTARKSTGGKAPRCQL
6q0m_C,YYESDWL
6q0n_C,GYETWV
6q0u_C,YYESGWL
6q36_C,PRLRKPDSFKEP
6q38_C,RLYGFKIH
6q3k_P,NLVPMVATV
6q3q_a,GSKMEEVD
6q3s_C,SLLMWITQV
6q4q_C,RLYGFKWH
6q6h_1_III_U,QEDQENIVAPLKDLPVN
6q9f_B,NQGKCKDGLGEYTCTSLEGF
6q9i_B,NQGKCKDGLGEYTCTSLEGF
6qbb_P,WSHPQFEK
6qc0_B,SMRKICTYFHR
6qcg_I,QRRVTDFFAR
6qdr_B,SSNTLR
6qds_B,SNTLR
6qdt_B,RSKTSC
6qev_D,PKSIRIGPGQAFYAP
6qfi_B,RPEIWIAQELRRIGDEFNAYYAR
6qfk_B,PKSIRIGPGQAFYAP
6qfm_B,EQWAREIGAQLRRMADDLN
6qg8_B,EEEQWAREIGAQLRRMADDL
6qh1_D,IQGSLMDVGM
6qh7_P,DYQRLN
6qh7_Q,MSQIKRLLS
6qj7_B,TTYADFIASGRTGRRNAIHD
6qk8_E,RSFSLHRM
6qmq_A,VNAKQHRIKRRQARAKL
6qms_A,VNAKQYRILKRRARAK
6qns_S,EDAFSKLKEKFMNELH
6qs1_E,EGLPPRPKIPP
6qsz_B,TDLPSDPPS
6qtm_F,SLDSSPPNTS
6qto_B,EIRRVPEF
6qtq_B,RYAVVP
6qtr_B,EIRRVPEFGGY
6qts_B,RYAVVPD
6qtt_B,LLMVPDMY
6qtu_B,HFIVPDL
6qtv_B,YLQIVPEI
6qtw_B,EDQMVPS
6qtx_B,GFGVVPSF
6qxf_1_III_K,EERLVFLGDNY
6qxf_1_III_N,EERLVFLGDNY
6qxf_1_III_Q,EERLVFLGDNY
6qxf_1_III_T,EERLVFLGDNY
6qxk_A,RKRRRHPS
6qxz_B,ARTQTARY
6qzr_N,RSCTWPLPR
6qzr_O,RSCTWPLP
6qzs_C,RRAASMDN
6qzs_P,RRAASMD
6r1r_D,VGQIDSEVDTDDLSNFQL
6r2i_1_III_B1,SPPPTWPHLQLCYLQPPPV
6r2i_1_III_B2,SPPPTWPHLQLCYLQPPPV
6r2i_1_III_B3,SPPPTWPHLQLCYLQPPPV
6r2i_1_III_B4,SPPPTWPHLQLCYLQPPPV
6r2i_1_III_B5,SPPPTWPHLQLCYLQPPPV
6r2i_1_III_B6,SPPPTWPHLQLCYLQPPPV
6r2l_C,SLSKILDTV
6r4w_D,EVNAPV
6r4x_D,EVNPAV
6r50_D,EVNAPV
6r51_E,SLRPAP
6r57_C,EVNPPV
6r58_E,EVNAPV
6r59_E,EVAPPV
6r5b_E,EVNPPV
6r5c_C,EVNPPV
6r5g_B,EQTEYATIVFP
6r7a_C,KHKILHRLLQDS
6r7j_C,KHKILHRLLQDS
6r7k_C,KHKILHRLLQDS
6r7w_B,KRDPVYFIKLSTIK
6r8i_B,SLPFTFKVPAPPPSLPP
6rh6_B,SQITSQVTGQIGWRR
6rjp_C,IAEALRRIGDAFNAAY
6rk9_C,AKDGLGEYTCTSLEGFE
6rml_C,EEIPETPCE
6rmm_P,SDLVAPSPD
6ro1_1_III_B,GWFIDKTPSVKKDSFFLD
6rot_A,DFEEIPEEYLQ
6roy_D,VDYGELDFQ
6roz_B,QTEYATIVFP
6rp9_C,SLLMWITQV
6rpa_C,SLLMWITQV
6rpb_C,SLLMWITQV
6rqx_B,KHHAFSFK
6rr0_H,LSTELSTEPP
6rrc_B,RKLIVDSVKELDSKTIRA
6rxh_1_III_C,SMIRTMLQGKLHRVKVTHADLHYEG
6ryf_G,RIQRAFVTI
6s07_C,ATTPLCGPSRASILSG
6s0y_C,EVETPIRNEWGCRC
6s1r_B,ITKPAIRRLARRGGV
6s1u_I,PVAMT
6s1v_I,PVAMT
6s22_F,NTPIPRRHTRSA
6s24_F,ATGAGAGAGTTPGP
6s35_C,ARKMQEA
6s3f_B,QRCRHQFQTQQRLRACQRVIQRWSQ
6s5p_H,KAAKAC
6s6q_C,DYGHSSPKPKLVRPPFKLIPN
6s7l_1_III_B,GIVRGA
6s7t_K,AANATAA
6s9k_B,DLSLPFPVCESCPLYKKLRLST
6s9l_C,KRKRKRKRKLSF
6sa8_B,KRKRKRKRKR
6sad_C,DYDLSLPFPVCESCEHSLD
6scs_1_III_E,DDLDVPSFLQ
6scs_1_III_F,DLDVPSFL
6sen_L,VPMRKRQLPASFWEEP
6seo_L,VPLRARNLPPSFFTEP
6sh9_E,IHIGPGRAFY
6sjm_B,KHKILHRLLQDSS
6slg_B,AALAF
6sli_1_III_C1,ASTTGGNSQRGSG
6sli_1_III_C2,ASTTGGNSQRGSG
6snc_C,NWFDITNWLWYIKLFIMIV
6snd_C,NWFDITNWLWYIKLFIMIV
6spw_B,DDDDDDK
6spx_B,DDDDDDK
6spz_P,RRESEI
6ssq_F,HKILHRLLQE
6ssq_G,RHKILHRLLQE
6sti_B,KHKILHRLLQDS
6t2d_B,LTFEQYWAQLESAA
6t2e_B,LTFEQYWAQLESAA
6t2f_B,LTFDQYWAQLDSAA
6t46_1_III_B1,QKGMY
6t46_1_III_B2,QKGMY
6t46_1_III_D1,QKGMY
6t46_1_III_D2,QKGMY
6tdw_1_III_A,LPRVHPALYPNSHLALAKEVAVLAK
6tdw_1_III_G,NYNFINNNT
6tm5_T,AAAAAQLAAAAAAAA
6tmi_1_III_A,AKISPSEMSRLLEERIAGWK
6tmj_1_III_A,YPASPVQEIFLP
6tq0_6_III_L,PGCFRMR
6tqq_1_III_B1,DMRPEIWIAQELRRIGDEFNAY
6tqq_1_III_B2,DMRPEIWIAQELRRIGDEFNAY
6tqr_2_III_E,GQFYSPPESFA
6tqs_2_III_H,EFYDALS
6ttk_E,GPPGGPPV
6ttu_I,CKKERHDSG
6tyt_B,AKGLFM
6tyt_C,RKRILPTWMLA
6tyu_B,KTRVLPSWLTA
6tyv_B,TTAQQRKCPEWMN
6tyw_B,ERKRILPTWMLAE
6tyx_C,KGLFM
6tyz_B,ERKRILPTWMLA
6tzc_C,TMENLSRRLKVTGDLFDIMS
6u2f_B,WNLKIGLLR
6u39_B,EVTVGKFYATFLIQEYFRKFKKR
6u3i_B,WNLKISLLR
6u3m_F,QPMPMPELPYP
6u3n_C,APMPMPELPYP
6u3o_I,AVVQSELPYPEGS
6ubh_3_III_G,FDFWV
6uc5_P,NPNANPNANPN
6ugd_G,EEEEEEEEEEEEEE
6uge_G,EEEEEEEEEEEE
6uhd_C,KGGKGLGAGGAKRHR
6uib_1_III_C,TKSFCYFGTWCQMYG
6ult_3_III_J1,WKGYLCLRKR
6uml_1_III_C,RPFVCSVCGHRFTTKGNLKVHFHRH
6urq_2_III_C,RGRGDGQE
6uyo_B,AEERVVVISSSE
6uyp_B,AEERVVVISNSSSRY
6uyq_B,AEERVVVISNSSSRY
6uyr_B,EAEERVVVISNSSSRY
6uys_B,AEERVVVISSSE
6uyt_B,AEERVVVISSSNSSSRY
6uyu_B,EAEERVVVISS
6uyv_B,EAEERVVVISNSSSRY
6uyx_D,AEERIIVL
6uyy_B,EAEERIIVLSD
6uyz_B,AEERIIVL
6v2e_1_III_B,DKDNVAPRRLIGPWGY
6v2h_B,ATKVARSA
6v55_Q,THFGILM
6v7o_C,PGAPPGR
6vbo_C,KKQKVHALFYKLDIVP
6vbp_G,KVHALFYKLDIVPI
6vbq_P,KKQKVHALFYKLDIV
6vdb_H,APRFGGVMRPNR
6vil_2_III_D,TKAARSAPATG
6vme_2_III_O,ASSLYGISAMDGVPFTLHPR
6vo5_1_III_C,KGGKGLGAGGAKRHR
6vqp_1_III_B,HSSGLVPR
6w25_1_III_B,LDHRWK
6wat_8_III_SA,ATKVARKSA
6wat_8_III_TA,ATKVARKS
6way_1_III_B,DYAEPMDA
6weg_2_III_E,KRNVFSRCWINMNLYSVIK
6wzx_2_III_D,IGLWKS
6x23_1_III_B,PESESKV
6x4s_1_III_E,IRLILTVVPGLLIGAAISKNIANFL
6x4s_1_III_F,IRLILTVVPGLLIGAAISKNIANFL
6x4s_1_III_G,IRLILTVVPGLLIGAAISKNIANFL
6x4s_1_III_H,IRLILTVVPGLLIGAAISKNIANFL
6x6h_1_III_H,GFGLFD
6x89_1_III_D,AISPFLKNFYSSNYF
6xaw_1_III_B,LDDDLGTAAAVLSNMR
6xfk_1_III_B,LQKWVRVYLDR
6xqi_1_III_H,NPLEFL
6xqn_1_III_D,IRLILTVVPGLLIGAAISKNIANFL
6xs8_1_III_B,YGYDPLGLKYFA
6xvd_P,CSFRGLENHAMC
6xwv_1_III_B,TLTEQGLGKIIGERWARKYLKYHI
6xxs_1_III_C,GITTIKEMGRSIHEIPR
6xxs_1_III_D,ITTIKEMGRSIHEIPR
6xxs_1_III_F,GITTIKEMGRSIHEIPR
6xxs_1_III_H,ITTIKEMGRSIHEIPR
6xy6_7_III_N,DASTKKLSECLKRIGDELDSNM
6y38_1_III_C,ERLTLPPSEITLL
6y38_1_III_D,ERLTLPPSEITLL
6y3z_1_III_B,QLEFYRKALNFNVIGRYD
6y8k_1_III_B,CIEEGQYCFADPYLC
6yba_1_III_W,AGMYGG
6yba_1_III_Z,GWGLHSAGMYGG
6ybb_1_III_C,SQREQLAAALKRWPLLAEFAQQ
6yle_1_III_E,RNPYLIPDYPQPFEHLKLFTRELK
6ysl_1_III_C,DESWLVPYADILTLLLALFIVLYAS
6yvr_1_III_C,GGRRPYIL
6yvr_1_III_D,GGRRPYIL
6z00_2_III_D,MVNAL
6z4v_1_III_B,RPYIL
6zbu_1_III_C,TTIKEMGRSIHEIPR
6zbu_1_III_D,ITTIKEMGRSIHEIPR
6zbu_1_III_G,TTIKEMGRSIHEIPR
6zbu_1_III_J,TTIKEMGRSIHEIPR
6zbu_1_III_K,ITTIKEMGRSIHEIPR
6zbu_1_III_L,ITTIKEMGRSIHEIPR
6zfm_1_III_C,YMWDGWYM
6zfm_1_III_F,YMWDGWYM
6zym_1_III_W,ARNAEKAMTALARFRQAQLE
7a1i_2_III_D,VLTSPVP
7a23_1_III_PA,GIFGIALPIIVYKGIVKDFHMQD
7a5j_1_III_RA,SREYWRRLRKQNIWRHNRLSKNK
7a8u_1_III_B1,YKSFNRTAMPY
7a8u_1_III_B2,YKSFNRTAMPY
7aam_1_III_C,SKPKGPRNPPPTWN
7ad3_1_III_C,WHWLQLKPGQPMY
7ad3_1_III_D,WHWLQLKPGQPMY
7ad3_1_III_G,RITASNACLTIINYTSNTKDYTL
7ad3_1_III_H,AKFILSAVTDLIIQQNLKKIGII
7adt_1_III_B,DASTKKLSECLKRIGDELDSNME
7agx_1_III_GA,PWSGYLDDVSAKF
7aks_4_III_H,AKSAPA
7al2_1_III_B1,QLDDFIDGIF
7al2_1_III_B2,QLDDFIDGIF
7aqr_1_III_Q,IRRYVLTKDN
7arm_1_III_E,CSSNAKIDQL
7arx_1_III_C,GICSRSLPPIC
7azx_1_III_C,HAVLVLQPAVEAFFLVHATER
7b1h_2_III_G,PTVHTKEALGFIMNMFQA
7b1h_2_III_H,PTVHTKEALGFIMNMFQAPTS
7b5m_1_III_H,AAGSVEQTPRR
7bbp_1_III_F,GRGKGGKL
7bee_3_III_F,PPGPPGPPGPRGFPGPPGPPG
7bee_3_III_G,PPGPPGPPGPRGFPGPPGP
7bee_3_III_H,PPGPPGPPGPRGFPGPPG
7boc_1_III_B1,SRVVPGQFDDADSS
7boc_1_III_B2,SRVVPGQFDDADSS
7cce_1_III_B,TKAARKSAPATG
7cfc_3_III_H,RARLIDTL
7cfd_3_III_D,GRGRGRK
7cg0_1_III_F,GVPGALSNQPAPPNEAPIATP
7cg0_1_III_G,GVPGALSNQPAPPNEAPIATP
7cg0_1_III_H,GVPGALSNQPAPPNEAPIATP
7cg0_1_III_I,GVPGALSNQPAPPNEAPIATP
7cg0_1_III_R,GVPGALSNQPAPPNEAPIATP
7ci2_2_III_D,YQKMIYKLLPGPNKMLPKV
7cmz_1_III_B,GACFKDAEYIYPSLE
7cna_1_III_E,ARTQTARST
7cna_1_III_F,ARTQTARSG
7co5_1_III_A,ELRWVF
7co5_1_III_C,DELRWVF
7co5_1_III_E,DELRWVF
7co5_1_III_G,ELRWVF
7co5_1_III_I,ELRWVF
7co5_1_III_K,VRDELRWVF
7d0e_1_III_B1,DSDIVTLEPPK
7d0e_1_III_B2,DSDIVTLEPPK
7d6f_1_III_B,FGEERESIL
7d8a_1_III_B,ARTKQTARK
7de9_1_III_B,ARTKQ
7du4_1_III_C,EWEGTVGDGL
7dwq_1_III_G,APVIALVFFTLTAGFLVELNR
7e1s_2_III_D,DSLDVVELIMALEEKFGIEIPD
7eto_1_III_D,LRQLAQSVQDTIQHMRFLYL
7eto_1_III_E,LRQLAQSVQDTIQHMRFLYL
7eu4_3_III_Q,DIPDME
7eu4_4_III_R,IPDME
7ev8_1_III_B,DKSTNISSALNIIEFILSTDPQE
7evs_1_III_C,NPNAGKVLLPTP
7f5m_1_III_C,KQLASKAARSAPSTGGVKY
7fax_1_III_B,GSTLEDLFGPLFYV
7fdl_1_III_L,TEQEEDLIIRLHKL
7gch_E,CGVPAIQPVLS
7ji0_1_III_C,DIIIIVGG
7ji0_1_III_D,DIIIIVGG
7jk5_1_III_E,DYEIWKARMLAKAQ
7jvs_1_III_B,KLNLQFFASKK
7k75_3_III_J,KPKHKKLK
7kld_1_III_C1,KLNLQF
7kld_1_III_C2,KLNLQF
7kld_1_III_E3,LNLQF
7kld_1_III_E4,LNLQF
7kld_1_III_F1,KLNLQF
7kld_1_III_F2,KLNLQF
7kme_I,DFEEIPEEYL
7kme_L,DCGLRPLFEKKSLEDKTERELLESY
7knu_1_III_B,FVPTNVGSKAF
7lo0_1_III_I,DPRRQELLEARFTGV
7lo0_1_III_Q,RRQELLE
7lp2_1_III_B,GPPPEYPFKGM
7lp3_1_III_B,EHRGPPPEYPFKGM
7m10_1_III_B,PRVKAAQA
7m4r_1_III_C,SSRVPDLLV
7m5c_1_III_B,SSTMGQVGRQLAIIGDDINRRY
7mgv_1_III_B,KEPFFAAFLEKQ
7mgv_1_III_C,KEPFFAAFLEKQ
7mgv_1_III_E,TLKYPSDSDEG
7mkk_3_III_F,EDADNAMLDSLLADPFE
7mop_1_III_B,SLWDRFS
7mvv_1_III_D,ILPMYKLSP
7mvz_1_III_C,EDSILQPGAFSAN
7mw1_1_III_D,APPVRSIY
7nad_1_III_E,FMGTLKKDL
7nad_1_III_F,LSRYVKWPEYVRVQRQKKI
7nef_1_III_I,KKLLKLLKLLL
7nef_1_III_J,KKLLKLLKLLL
7nef_1_III_K,KKLLKLLKLLL
7nef_1_III_L,KKLLKLLKLLL
7nef_1_III_N,KKLLKLLKLLL
7nef_1_III_O,KKLLKLLKLLL
7nef_1_III_P,KKLLKLLKLLL
7nkd_1_III_F,RVVRVEFPRGDSLVRGV
7nkk_1_III_A,DLEKESVKVRKPAP
7nkl_1_III_F,RVVRDVEFPRGDSLRG
7nl9_1_III_A,VKVRKPAP
7nvv_1_III_F,AKERPIWLRESTVQG
7nxe_1_III_B,DLYEEVL
7o3e_1_III_K,SHTDVKVPDFSDYRR
7o3t_1_III_A,KTPYELARERMLRSGLTAG
7o3t_1_III_AA,KTPYELARERMLRSGLTAG
7o3t_1_III_C,KTPYELARERMLRSGLTAG
7o3t_1_III_CA,KTPYELARERMLRSGLTAG
7o3t_1_III_E,KTPYELARERMLRSGLTAG
7o3t_1_III_EA,KTPYELARERMLRSGLTAG
7o3t_1_III_G,KTPYELARERMLRSGLTAG
7o3t_1_III_I,KTPYELARERMLRSGLTAG
7o3t_1_III_K,KTPYELARERMLRSGLTAG
7o3t_1_III_M,KTPYELARERMLRSGLTAG
7o3t_1_III_O,KTPYELARERMLRSGLTAG
7o3t_1_III_Q,KTPYELARERMLRSGLTAG
7o3t_1_III_S,KTPYELARERMLRSGLTAG
7o3t_1_III_U,KTPYELARERMLRSGLTAG
7o3t_1_III_W,KTPYELARERMLRSGLTAG
7o3t_1_III_Y,KTPYELARERMLRSGLTAG
7o54_1_III_B1,GWLAPEQQQRIYRGN
7o54_1_III_B2,GWLAPEQQQRIYRGN
7o54_1_III_B3,GWLAPEQQQRIYRGN
7o6n_1_III_C,FNSEDIKDSVFKVLHAE
7o6n_1_III_D,SEDIKDSVFKVLHAE
7of2_1_III_UA,SREYWRRLRKQNIWRHNRLSKNK
7ohx_1_III_BA,SNRTKFVRSLVREIAGLSPYERRL
7oia_1_III_QA,SREYWRRLRKQNIWRHNRLSKNK
7oju_1_III_B,MVNAL
7ok6_1_III_C,GCGCS
7okj_1_III_B1,AWVIPA
7okj_1_III_B2,AWVIPA
7oko_1_III_AB,PGMMDSQEFS
7oko_1_III_BA,PGMMDSQEFS
7oko_1_III_C,PGMMDSQEFS
7oko_1_III_F,PGMMDSQEFS
7oko_1_III_FB,PGMMDSQEFS
7oko_1_III_GA,PGMMDSQEFS
7oko_1_III_K,PGMMDSQEFS
7oko_1_III_KB,PGMMDSQEFS
7oko_1_III_LA,PGMMDSQEFS
7oko_1_III_QA,PGMMDSQEFS
7oko_1_III_R,PGMMDSQEFS
7oko_1_III_VA,PGMMDSQEFS
7oko_1_III_W,PGMMDSQEFS
7oui_1_III_Z,RGTEAAKKKYAQVCVTMPTAKICRY
7oui_1_III_ZA,RGTEAAKKKYAQVCVTMPTAKICRY
7ow2_2_III_F,GLSMLLQ
7ow2_2_III_H,GLSMLLQ
7oye_1_III_B,AEHDEL
7p0l_2_III_D,PSQEL
7p4a_1_III_D1,KEFLKIKLDMYAQKQKLAE
7p4a_1_III_D2,KEFLKIKLDMYAQKQKLAE
7p72_1_III_B,PPDEWV
7p73_1_III_B,FRETEV
7pc5_1_III_B,KKITTV
7pd3_1_III_UA,SREYWRRLRKQNIWRHNRLSKNK
7phr_1_III_H,YLEPGPVTV
7pks_1_III_M,SPSYSPTSPSYSP
7pno_1_III_B,SGSGTNSLLNLRSRLAAKAAKEA
7pno_1_III_D,SGSGTNSLLNLRSRLAAKAAKEAA
7pno_1_III_F,GSGTNSLLNLRSRLAAKAAKEAA
7pno_1_III_H,GSGTNSLLNLRSRLAAKAAKE
7pno_1_III_J,TNSLLNLRSRLAAK
7pno_1_III_L,SGTNSLLNLRSRLAAKAA
7pno_1_III_N,SGTNSLLNLRSRLAAKAAKE
7prv_1_III_E,EPSLLKKLLLAP
7pul_1_III_B,GAGAA
7q3l_1_III_I,EEEMRKRKERVEKWREEQ
7q4i_1_III_C,APDTRP
7q4i_1_III_D,APDTRP
7q66_1_III_D,TGTANTLFGTASTGTSLFSSQNNAF
7q66_1_III_F,TGTANTLFGTASTGTSLFSSQNNAF
7q66_1_III_H,TGTANTLFGTASTGTSLFSSQNNAF
7q66_1_III_J,TGTANTLFGTASTGTSLFSSQNNAF
7q66_1_III_L,TGTANTLFGTASTGTSLFSSQNNAF
7q66_1_III_N,TGTANTLFGTASTGTSLFSSQNNAF
7q66_1_III_P,TGTANTLFGTASTGTSLFSSQNNAF
7q66_1_III_R,TGTANTLFGTASTGTSLFSSQNNAF
7q66_1_III_T,TGTANTLFGTASTGTSLFSSQNNAF
7q66_1_III_V,TGTANTLFGTASTGTSLFSSQNNAF
7qbs_1_III_B,MLPARRAR
7qcr_1_III_C,PDLLV
7qcr_1_III_D,PDLLV
7qcs_1_III_C,PDLLV
7qcs_1_III_D,PDLLV
7qh7_1_III_HA,YKTKPTHGIGKYKHLIK
7qox_1_III_D,PISDFPD
7qpb_2_III_E1,GFWRYVYQKC
7qpb_2_III_E2,GFWRYVYQKC
7qpb_3_III_F1,GFWRYVYQKC
7qql_2_III_F,PSTTL
7qqy_1_III_B,PFITSRPW
7qrs_1_III_D,KHFRETEV
7qrt_1_III_C,KHFRETEV
7qsa_1_III_C,LESSII
7qtx_1_III_B,EQWAREIGAQLRRMADDLNAQYERR
7qu8_1_III_C,TFFALLLRPTL
7qwv_1_III_B,DLWLQEVSNLSEWLN
7qy5_1_III_C,EDGEIS
7qy5_1_III_D,KEDGEIS
7r1o_2_III_E,RIVPA
7r1r_D,VGQIDSEVDTDDLSNFQL
7r6k_1_III_I,EQKIVKKVVKEQTEAAK
7r6k_1_III_N,GEGFTRRPVKMERIIRPS
7r6q_1_III_N,GKKYQPKVTEKQRKKQIA
7r72_1_III_D,FMGTLKKDL
7r72_1_III_E,LSRYVKWPEYVRVQRQKKI
7r7c_1_III_F,QRALRRIAKKHH
7rk3_1_III_B,GKVLSKIF
7roy_1_III_E,TRTPNCNCKYCSHPV
7ruq_2_III_C,TRPPPGLTN
7rxq_1_III_B,ERIFRRTGGLFGQVD
7s4q_3_III_D1,PEKRLTVGSLRR
7s4q_3_III_D2,PEKRLTVGSLRR
7s4q_3_III_D3,PEKRLTVGSLRR
7s4q_3_III_D4,PEKRLTVGSLRR
7s4q_3_III_D5,PEKRLTVGSLRR
7s4q_3_III_E1,PEKRLTVGSLRR
7s4q_3_III_E2,PEKRLTVGSLRR
7s4q_3_III_E3,PEKRLTVGSLRR
7s4q_3_III_E4,PEKRLTVGSLRR
7s4q_3_III_E5,PEKRLTVGSLRR
7s4q_3_III_F1,PEKRLTVGSLRR
7s4q_3_III_F2,PEKRLTVGSLRR
7s4q_3_III_F3,PEKRLTVGSLRR
7s4q_3_III_F4,PEKRLTVGSLRR
7s4q_3_III_F5,PEKRLTVGSLRR
7s4q_5_III_D,PEKRLTVGSLRR
7s4q_5_III_E,PEKRLTVGSLRR
7s4q_5_III_F,PEKRLTVGSLRR
7s7j_1_III_B,DIDFDDLSRRFEELKKKT
7shl_1_III_E,RFEVKKWNAVALWAWD
7sq0_1_III_C,QKYLLVFWIALILLIIGIYYVL
7sqr_1_III_B,QRFMGNSVIGNNMVSGQAQVHS
7sqr_1_III_C,QYQTGPSSFY
7sqr_1_III_E,QRFMGNSVIGNNMVSGQAQVHS
7sqr_1_III_F,QYQTGPSSFY
7sqr_1_III_H,QRFMGNSVIGNNMVSGQAQVHS
7sqr_1_III_I,QYQTGPSSFY
7sqr_1_III_K,QRFMGNSVIGNNMVSGQAQVHS
7sqr_1_III_L,QYQTGPSSFY
7sqs_1_III_B,GGINSQFTRSGNVQ
7sqs_1_III_C,ENEFYE
7sqs_1_III_D,QYQTGPSSFY
7sqs_1_III_E,QRFMGNSVIGNNMVSGQAQVHS
7squ_1_III_B,AVRGNMAARARGLGNISGNIYARSD
7squ_1_III_C,GAFNLF
7squ_1_III_E,AVRGNMAARARGLGNISGNIYARSD
7squ_1_III_F,GAFNLF
7squ_1_III_H,AVRGNMAARARGLGNISGNIYARSD
7squ_1_III_I,GAFNLF
7squ_1_III_K,AVRGNMAARARGLGNISGNIYARSD
7squ_1_III_L,GAFNLF
7sqv_1_III_B,AVRGNMAARARGLGNISGNIYARSD
7sqv_1_III_C,TMRTINRTLSRRISRNTGS
7sqv_1_III_D,GAFNLF
7stx_1_III_C,MDVFM
7sud_1_III_B,DVDDLLDMI
7svu_1_III_D,IEVWDYEQLREEYG
7svu_1_III_F,IEVWDYEQLREEYG
7svu_1_III_H,IEVWDYEQLREEYG
7svu_1_III_J,IEVWDYEQLREEYG
7svu_1_III_L,IEVWDYEQLREEYG
7svu_1_III_N,IEVWDYEQLREEYG
7svu_1_III_Q,IEVWDYEQLREEYG
7svu_1_III_T,IEVWDYEQLREEYG
7svu_1_III_V,IEVWDYEQLREEYG
7t1u_2_III_D,EPQYEEI
7t6a_1_III_C,EGDIIGTFNFSSSDSQPLKIHWV
7tbh_1_III_AA,LSRRPSYRKILNDLSSDAP
7tbh_1_III_BA,LSRRPSYRKILNDLSSDAP
7tbh_1_III_CA,LSRRPSYRKILNDLSSDAP
7tbh_1_III_DA,LSRRPSYRKILNDLSSDAP
7tbh_1_III_EA,LSRRPSYRKILNDLSSDAP
7tbh_1_III_FA,LSRRPSYRKILNDLSSDAP
7tbh_1_III_GA,LSRRPSYRKILNDLSSDAP
7tbh_1_III_HA,LSRRPSYRKILNDLSSDAP
7tbh_1_III_IA,LSRRPSYRKILNDLSSDAP
7tbh_1_III_JA,LSRRPSYRKILNDLSSDAP
7tbh_1_III_KA,LSRRPSYRKILNDLSSDAP
7tbh_1_III_LA,LSRRPSYRKILNDLSSDAP
7tbh_1_III_MA,LSRRPSYRKILNDLSSDAP
7tbh_1_III_NA,LSRRPSYRKILNDLSSDAP
7tbh_1_III_OA,LSRRPSYRKILNDLSSDAP
7tbh_1_III_PA,LSRRPSYRKILNDLSSDAP
7tbh_1_III_QA,LSRRPSYRKILNDLSSDAP
7tbh_1_III_RA,LSRRPSYRKILNDLSSDAP
7tbh_1_III_SA,LSRRPSYRKILNDLSSDAP
7tbh_1_III_TA,LSRRPSYRKILNDLSSDAP
7tbh_1_III_UA,LSRRPSYRKILNDLSSDAP
7tbh_1_III_VA,LSRRPSYRKILNDLSSDAP
7tbh_1_III_Y,LSRRPSYRKILNDLSSDAP
7tbh_1_III_Z,LSRRPSYRKILNDLSSDAP
7td5_1_III_D,TKAARMSAPS
7td5_1_III_E,TKAARSAPA
7td5_2_III_I,TKAARMSAP
7td5_2_III_J,TKAARSAPA
7tl8_1_III_B,YQVTVWWAPWEDC
7tmw_1_III_C,EDPLLTP
7top_1_III_VA,PRPRPRPRPRPRPRPRPRP
7tow_2_III_F,KPSKRSFIEDLLFNKVTLADAGF
7tpt_1_III_AA,WATCPA
7tpt_1_III_BA,WATCPA
7tpt_1_III_CA,WATCPA
7tpt_1_III_DA,WATCPA
7tpt_1_III_EA,WATCPA
7tpt_1_III_FA,WATCPA
7tpt_1_III_GA,WATCPA
7tpt_1_III_HA,WATCPA
7tpt_1_III_IA,WATCPA
7tpt_1_III_JA,WATCPA
7tpt_1_III_V,WATCPA
7tpt_1_III_W,WATCPA
7tpt_1_III_X,WATCPA
7tpt_1_III_Y,WATCPA
7tpt_1_III_Z,WATCPA
7tsq_1_III_D,TGRFA
7tzk_1_III_C,PPELPSVDYNSL
7udj_1_III_A,AWPAWPAWPAWP
7udk_1_III_B,LRPLRPLRPLRP
7udl_1_III_B,LPPLPPLPPLPPLPPLPPL
7udl_1_III_C,LPPLPPLPPLPPLP
7ue2_1_III_B,PLPPLPPLPPLPPLPPLPP
7uhe_1_III_B,RSFMVKIRT
7uhe_1_III_D,SRSFMVKIRT
7ui8_1_III_B,GDTKHEVRHENPQDEAQTIVVNK
7ukg_1_III_E,GIAIALLVILVICSLIVTSVILL
7ukg_1_III_F,GIAIALLVILVICSLIVTSVILL
7ukg_1_III_G,GIAIALLVILVICSLIVTSVILL
7ukg_1_III_H,GIAIALLVILVICSLIVTSVILL
7ulo_1_III_C,ANRVRRPPREGHIYMAS
7uoa_1_III_B,YIRLYDY
7uqj_1_III_G,KSTGGKAPRKQLASK
7uva_2_III_F,TGGVCK
7uxk_1_III_B,FECLDAFFSC
7uxp_2_III_D,DPALWQCVFAARSCYEE
7uyk_1_III_D,DPAMQRCFSAAVYCAIS
7uzp_1_III_B,YQDLRRRFFHHLAEHTAEI
7uzp_1_III_D,YQDLRRRFFHHLAEHTAEI
7uzp_1_III_F,QDLRRRFFHHLAEHTAEI
7v3p_1_III_C,GIVEQCCTSICSLYQLENYCN
7vcf_1_III_K,KFIFWAAMVYATLYGNYE
7vcq_1_III_J,EEIDLEEEDESDYSESDED
7vf3_1_III_B,CNSNVLSWQTYSWYC
7vyw_1_III_B,ETARS
7w0b_1_III_B,IDRYEQVSKDFEFIKI
7w36_1_III_B,WKRHISEQLRRDRLQRQAF
7w5a_1_III_NA,LDDDEDRKNPAYIPRKGLFFEHDLR
7w5m_1_III_B,TIMPKDIQLARRIRG
7w64_1_III_G,FNDNYSSTSTV
7w64_1_III_H,FNDNYSSTSTV
7w64_1_III_I,FNDNYSSTSTV
7weg_1_III_D,DVEITLV
7wek_1_III_C,KMTSFAERKKQLVKAE
7wek_1_III_D,KMTSFAERKKQLVKA
7wlp_1_III_B,SDPSWHP
7wmc_1_III_B,GFRGWPC
7wmc_1_III_C,GFRGWPC
7wmc_1_III_E,GFRGWPC
7wtm_1_III_O,TEKPKKPKGRAYKRLLYTRRFVN
7wwq_1_III_B,IPNYEFKLGKITFIRN
7wx3_1_III_B,QELLMSLSMRETLN
7wx3_1_III_D,QELLMSLSMRETLN
7wx3_1_III_F,QELLMSLSMRETLN
7wx3_1_III_H,QELLMSLSMRETLN
7wx4_1_III_B,QELLMSLSMRETL
7x2e_1_III_B,GLDTTDL
7x5v_1_III_E,IAAIHNARRKKREAAA
7xeb_2_III_I,GPPGPP
7xeb_2_III_J,GPPGPP
7xhn_1_III_A,GVLAHLERLETQ
7xhn_1_III_P,EFIID
7xhn_1_III_Q,KSFSTLFLETVKR
7xna_1_III_B,CYWKTCY
7xpk_2_III_D,PKRRAISAIRKFPRDCG
7xsj_1_III_C,EQEEDIDQIVAEVKQSMS
7xva_1_III_B1,QQPTYVALSYINRFMTDAARREQ
7xva_1_III_B2,QQPTYVALSYINRFMTDAARREQ
7xzi_1_III_N,AAAFAAFAGFAFAAFAAAG
7xzj_1_III_H,AAAAFAFFAGFAFAAFAAAAAAAA
7y04_1_III_E,PSILEIRTK
7y60_1_III_K,QPVKIGCVWVLQQFAACFLE
7y6c_1_III_F,SVMKTVKDMMMSIISKIG
7yf3_1_III_C1,HGHSHG
7yf3_1_III_D2,GHGHSHG
7yk8_1_III_B,GVVAAAEKTKQG
7yk8_1_III_D,GVVAAAEKTKQG
7yk8_1_III_F,GVVAAAEKTKQG
7yk8_1_III_H,GVVAAAEKTKQG
7yk8_1_III_J,GVVAAAEKTKQG
7yk8_1_III_L,GVVAAAEKTKQG
7yx8_2_III_C,TEAQTTPP
7yxw_1_III_A,PPSNPPPRPPA
7yzx_1_III_B,LAPQA
7z4s_1_III_D,YFHLNLGYRPG
7z8e_1_III_B,GSDVA
7z8m_1_III_A,DPKYADLPGIARNEPDVYETSDLP
7z8m_1_III_B,STSLLSEIEQSMEAE
7zl4_1_III_D,AVTGQVDVKLNIST
7zw4_1_III_B,STKHILDDISTMFDALADQLDAMLD
7zy4_2_III_D,EEEEWLYG
7zzq_1_III_AA,RPSLREALLR
7zzq_1_III_BA,DGSPTMAEVFMTLGGRATELL
7zzq_1_III_CA,VRSSAT
7zzq_1_III_DA,PSLREALLRR
7zzq_1_III_S,DGSPTMAEVFMTLGGPSLREALLRR
7zzq_1_III_U,DGSPTMAEVFMTLGG
7zzq_1_III_V,PSLREALLRR
7zzq_1_III_W,VRSSAT
7zzq_1_III_X,DGSPTMAEVFMTLG
7zzq_1_III_Y,PRPSLREALLR
7zzq_1_III_Z,DGSPTMAEVFMTLGG
8a3t_1_III_J,LSDITN
8a93_1_III_C,EEAEALAEALEGI
8ack_2_III_D,ERWGHDFIK
8aht_4_III_E,GIGAVLKVLTTGLPALISWIKRKRQ
8aht_4_III_F,GIGAVLKVLTTGLPALISWIKRKR
8ari_1_III_AA,EALDLSMKSVPWLKAGALDLSV
8ari_1_III_BA,EALDLSMKSVPWLKAGALDLSV
8ari_1_III_CA,EALDLSMKSVPWLKAGALDLSV
8ari_1_III_DA,EALDLSMKSVPWLKAGALDLSV
8ari_1_III_EA,EALDLSMKSVPWLKAGALDLSV
8ari_1_III_FA,EALDLSMKSVPWLKAGALDLSV
8ari_1_III_GA,EALDLSMKSVPWLKAGALDLSV
8ari_1_III_HA,EALDLSMKSVPWLKAGALDLSV
8ari_1_III_Y,EALDLSMKSVPWLKAGALDLSV
8ari_1_III_Z,EALDLSMKSVPWLKAGALDLSV
8b3o_1_III_B,AMVVVIVGATIGIKLFKKFTSKAS
8b3o_1_III_CA,AMVVVIVGATIGIKLFKKFTSKAS
8b3o_1_III_K,AMVVVIVGATIGIKLFKKFTSKAS
8b3o_1_III_LA,AMVVVIVGATIGIKLFKKFTSKAS
8b3o_1_III_T,AMVVVIVGATIGIKLFKKFTSKAS
8b4j_1_III_B,SSDDDDDILLELGTR
8b58_2_III_D,ALLVTGLVLA
8bep_1_III_C,EVPATVEAVKTPNSKIV
8bep_1_III_G,VPATVEAVKTPNSKIV
8bft_1_III_B1,DWDEDD
8bft_1_III_B2,DWDEDD
8bfw_1_III_B,ACVRSHCSSLLPRIHCA
8bfw_1_III_D,ACVRSHCSSLLPRIHCA
8bvf_1_III_C,DLDVPSFL
8bvf_1_III_D,DLDVPS
8bwf_16_III_FA,NQRAQALQVN
8bwf_1_III_B,NQRAQALQVN
8by5_1_III_B,ESLLDALLGKAL
8byl_1_III_D,DGSPNAGSVEQTPKK
8c1n_1_III_C,GPLERQRPLKVRAKLPR
8c3h_1_III_D,FFEQMQN
8cav_1_III_C,AGATNLDALAAIKWEAPAHQ
8cav_1_III_D,LAAIKWEAPAH
8cdj_1_III_B,KKWNAVALWAW
8coy_1_III_C,ITADE
8czk_1_III_C,GFLEY
8da0_2_III_F,TWCDAFCSQRGKRVEL
8daf_2_III_D,ENALLRYLLDK
8dgq_2_III_D,PSDYAEPMDAVNIYSVPHDS
8do8_2_III_E,DELPPQVHKV
8dp5_1_III_E,RTQSLPTR
8dp5_1_III_F,RTQSLPT
8ds8_2_III_D,KQTARKST
8dtm_1_III_C,SLEEEWAQIECEVYGRGC
8dtu_1_III_A,QVQLVK
8dvl_1_III_B,GCIPVITTRGVRCK
8dzv_1_III_B,KISASRKLQLKT
8e2c_1_III_C,NRLFRKR
8ea4_1_III_U,IEVWDYEQLREEYG
8ea4_1_III_V,IEVWDYEQLREEYG
8ea4_1_III_W,IEVWDYEQLREEYG
8ea4_1_III_X,IEVWDYEQLREEYG
8ebb_1_III_C,VAEHTINYIDIAPEEFEP
8egr_2_III_M,SEAFVQLEQRISSLEQRLNNLES
8egr_2_III_N,SEAFVQLEQRISSLEQRLNNLES
8egr_2_III_T,SEAFVQLEQRISSLEQRLNNLES
8egs_1_III_A1,STLPQSKVNIDVDNTVLDYA
8egs_1_III_A2,STLPQSKVNIDVDNTVLDYA
8egs_1_III_A3,STLPQSKVNIDVDNTVLDYA
8egs_1_III_A4,STLPQSKVNIDVDNTVLDYA
8egs_1_III_A5,STLPQSKVNIDVDNTVLDYA
8egs_1_III_A6,STLPQSKVNIDVDNTVLDYA
8egs_1_III_B1,STLPQSKVNIDVDNTVLDYA
8egs_1_III_B2,STLPQSKVNIDVDNTVLDYA
8egs_1_III_B3,STLPQSKVNIDVDNTVLDYA
8egs_1_III_B4,STLPQSKVNIDVDNTVLDYA
8egs_1_III_B5,STLPQSKVNIDVDNTVLDYA
8egs_1_III_B6,STLPQSKVNIDVDNTVLDYA
8egs_2_III_B,STLPQSKVNIDVDNTVLDYA
8eik_1_III_F,EGTGRLFFEFYHLLGDKRDISRFL
8ejl_1_III_D1,PVLFPGQPFGQPP
8ejl_1_III_D2,PVLFPGQPFGQPP
8ejl_1_III_D3,PVLFPGQPFGQPP
8ejl_1_III_D4,PVLFPGQPFGQPP
8ejl_1_III_D5,PVLFPGQPFGQPP
8ejl_1_III_E1,PVLFPGQPFGQPP
8ejl_1_III_E2,PVLFPGQPFGQPP
8ejl_1_III_E3,PVLFPGQPFGQPP
8ejl_1_III_E4,PVLFPGQPFGQPP
8ejl_1_III_E5,PVLFPGQPFGQPP
8ejl_2_III_D,PVLFPGQPFGQPP
8ejl_2_III_E,PVLFPGQPFGQPP
8eq5_1_III_B,DDDVFT
8es8_1_III_K,GVYDGREHTV
8et3_1_III_N,AANDENYALAA
8etc_1_III_PA,APPAKAHFVSTENNEPVTLHP
8etg_1_III_UA,AKAHFVSTENNEPVTLHPV
8f8y_1_III_C,PRVKAAQ
8fiq_1_III_B,EARKELTREMIEVLREIEEGFKERF
8fit_2_III_D,EQEAARLLELAVEDLKLVLDALEK
8fkp_1_III_M,KAEAKAKALKAKKAVLKGVH
8g46_1_III_D,MADFLKGLPVYNKSNFSRF
8gaj_1_III_B,KKPVPIIYCNRRTGKCQRM
8gaj_1_III_D,KKPVPIIYCNRRTGKCQRM
8gch_E,CGVPAIQPVLS
8gqa_1_III_B1,GCGYAIVCF
8gqa_1_III_B2,GCGYAIVCF
8gqa_1_III_B3,GCGYAIVCF
8gqa_1_III_B4,GCGYAIVCF
8gqa_1_III_B5,GCGYAIVCF
8gqa_1_III_B6,GCGYAIVCF
8gqa_1_III_B7,GCGYAIVCF
8gqa_1_III_B8,GCGYAIVCF
8gra_1_III_A,GVMVN
8gra_1_III_K,GILVN
8gra_1_III_L,GVTVS
8gsv_1_III_B,EEIIHKLAMQLRHIGDNIDHRMV
8gsv_1_III_D,EEIIHKLAMQLRHIGDNIDHRMV
8gsv_1_III_F,EEIIHKLAMQLRHIGDNIDHRMV
8gsv_1_III_H,EEIIHKLAMQLRHIGDNIDHRMV
8gsv_1_III_J,EEIIHKLAMQLRHIGDNIDHRMV
8gsv_1_III_L,EEIIHKLAMQLRHIGDNIDHRM
8gsv_1_III_N,EEIIHKLAMQLRHIGDNI
8gsv_1_III_P,EIIHKLAMQLRHIGDNID
8gsv_1_III_R,EEIIHKLAMQLRHIGDNIDHRMV
8gsv_1_III_T,EEIIHKLAMQLRHIGDNIDHRMV
8gsv_1_III_V,EIIHKLAMQLRHIGDNIDHRMV
8gsv_1_III_X,EEIIHKLAMQLRHIGDNIDHRMV
8h3m_1_III_E,TFDDYAMSNSGRDNAKDKTYDS
8h9h_1_III_D,KPYLCQQCGAAFAHNYDLKNHMRVH
8hc0_1_III_B,TSFSILMSPFVPS
8hdj_2_III_C,EYAYIDVDIN
8hf0_1_III_B,IDRYEQVSKDFEFIKI
8hf1_1_III_B,IDRYEQVSKDFEFIKI
8hlo_1_III_B,GPGSEPPPKPPRS
8hvp_I,VSQNIV
8hxx_1_III_G,ARTKQTGKAPRKQLATKAA
8i17_1_III_I,GDSESEIEDETFNPS
8i3f_1_III_C,ARTKQT
8i60_1_III_C,ARSAP
8i60_2_III_D,ARSAP
8ia4_1_III_C,IELSG
8iy6_1_III_B,CSCSSLMDKECVYFCHLDIIW
8jzu_1_III_B,MLSEGYLSGLEYWN
8kme_3,DFEEIPEEYL
8oij_1_III_C,DELQQAMRLLNAAS
8oij_1_III_D,DELQQAMRLLNAAS
8op0_1_III_B,GSVQIVYKPK
8ouw_1_III_N,EHYNPRNRLKTQIKRR
8oxm_1_III_A,PPLSQET
8oxm_1_III_C,PPLSQET
8oxo_1_III_A,PPLSQET
8oxo_1_III_C,PPLSQET
8p0q_1_III_C,FGNWTT
8p10_1_III_CA,AAGAAAAAAA
8p6j_1_III_C,GPPGPPGPPGVPGEAGPPGPPGPP
8p6j_1_III_D,GPPGPPGPPGVPGEAGPPGPPGPP
8p6j_1_III_E,GPPGPPGPPGVPGEAGPPGPPGPP
8p6j_1_III_H,GPPGPPGPPGVPGEAGPPGPPGPP
8p6j_1_III_I,GPPGPPGPPGVPGEAGPPGPPGPP
8p6j_1_III_J,PPGPPGPPGVPGEAGPPGPPGPP
8p9r_1_III_B,QPISVTMVT
8pch_P,EPQNCSAT
8s9i_1_III_B,AATAAKKADKVADDLDAFNVDD
8siu_1_III_B,VPSVQFVGDDDVLSHILD
8sm5_5_III_J,IIRNIARHLAQVGDSMD
8t0p_1_III_C,QSINDRALSLLQRTRATK
8t2u_1_III_C,GDWPC
